GROUP,Image1,Image2,Image3,Image4,CorrectAnswer,Target,G_Target,Condition,Target AOI,Competitor AOI,NovelDistractor,ExistingDistrator,TargetOnset
3,bacon.bmp,ND_104.bmp,baker.bmp,EDsandcastle.bmp,1,bacon.wav,3_bacon.wav,DisplayedCohort,1,3,2,4,431
4,bacon.bmp,ND_104.bmp,pencil.bmp,EDsandcastle.bmp,1,bacon.wav,4_bacon.wav,AbsentCohort,1,3,2,4,431
7,bacon.bmp,ND_104.bmp,baker.bmp,EDsandcastle.bmp,1,bacon.wav,7_bacon.wav,DisplayedCohort,1,3,2,4,431
8,bacon.bmp,ND_104.bmp,pencil.bmp,EDsandcastle.bmp,1,bacon.wav,8_bacon.wav,AbsentCohort,1,3,2,4,431
1,baker.bmp,ND_104.bmp,bacon.bmp,EDsandcastle.bmp,1,baker.wav,1_baker.wav,DisplayedCohort,1,3,2,4,435
2,baker.bmp,ND_104.bmp,penny.bmp,EDsandcastle.bmp,1,baker.wav,2_baker.wav,AbsentCohort,1,3,2,4,435
5,baker.bmp,ND_104.bmp,bacon.bmp,EDsandcastle.bmp,1,baker.wav,5_baker.wav,DisplayedCohort,1,3,2,4,435
6,baker.bmp,ND_104.bmp,penny.bmp,EDsandcastle.bmp,1,baker.wav,6_baker.wav,AbsentCohort,1,3,2,4,435
1,beaker.bmp,beetle.bmp,ND_100.bmp,EDcaptain.bmp,1,beaker.wav,1_beaker.wav,DisplayedCohort,1,2,3,4,338
2,beaker.bmp,window.bmp,ND_100.bmp,EDcaptain.bmp,1,beaker.wav,2_beaker.wav,AbsentCohort,1,2,3,4,338
5,beaker.bmp,beetle.bmp,ND_100.bmp,EDcaptain.bmp,1,beaker.wav,5_beaker.wav,DisplayedCohort,1,2,3,4,338
6,beaker.bmp,window.bmp,ND_100.bmp,EDcaptain.bmp,1,beaker.wav,6_beaker.wav,AbsentCohort,1,2,3,4,338
3,beetle.bmp,beaker.bmp,ND_100.bmp,EDcaptain.bmp,1,beetle.wav,3_beetle.wav,DisplayedCohort,1,2,3,4,435
4,beetle.bmp,winner.bmp,ND_100.bmp,EDcaptain.bmp,1,beetle.wav,4_beetle.wav,AbsentCohort,1,2,3,4,435
7,beetle.bmp,beaker.bmp,ND_100.bmp,EDcaptain.bmp,1,beetle.wav,7_beetle.wav,DisplayedCohort,1,2,3,4,435
8,beetle.bmp,winner.bmp,ND_100.bmp,EDcan.bmp,1,beetle.wav,8_beetle.wav,AbsentCohort,1,2,3,4,435
1,package.bmp,EDstrawberry.bmp,ND_113.bmp,butter.bmp,4,butter.wav,1_butter.wav,AbsentCohort,4,1,3,2,399
2,button.bmp,EDstrawberry.bmp,ND_113.bmp,butter.bmp,4,butter.wav,2_butter.wav,DisplayedCohort,4,1,3,2,399
5,package.bmp,EDstrawberry.bmp,ND_113.bmp,butter.bmp,4,butter.wav,5_butter.wav,AbsentCohort,4,1,3,2,399
6,button.bmp,EDstrawberry.bmp,ND_113.bmp,butter.bmp,4,butter.wav,6_butter.wav,DisplayedCohort,4,1,3,2,399
3,packet.bmp,EDstrawberry.bmp,ND_113.bmp,button.bmp,4,button.wav,3_button.wav,AbsentCohort,4,1,3,2,383
4,butter.bmp,EDstrawberry.bmp,ND_113.bmp,button.bmp,4,button.wav,4_button.wav,DisplayedCohort,4,1,3,2,383
7,packet.bmp,EDstrawberry.bmp,ND_113.bmp,button.bmp,4,button.wav,7_button.wav,AbsentCohort,4,1,3,2,383
8,butter.bmp,EDstrawberry.bmp,ND_113.bmp,button.bmp,4,button.wav,8_button.wav,DisplayedCohort,4,1,3,2,383
3,camel.bmp,ND_108.bmp,EDperfume.bmp,camper.bmp,1,camel.wav,3_camel.wav,DisplayedCohort,1,4,2,3,337
4,camel.bmp,ND_108.bmp,EDperfume.bmp,beaker.bmp,1,camel.wav,4_camel.wav,AbsentCohort,1,4,2,3,337
7,camel.bmp,ND_108.bmp,EDperfume.bmp,camper.bmp,1,camel.wav,7_camel.wav,DisplayedCohort,1,4,2,3,337
8,camel.bmp,ND_108.bmp,EDperfume.bmp,beaker.bmp,1,camel.wav,8_camel.wav,AbsentCohort,1,4,2,3,337
1,camper.bmp,ND_108.bmp,EDperfume.bmp,camel.bmp,1,camper.wav,1_camper.wav,DisplayedCohort,1,4,2,3,462
2,camper.bmp,ND_108.bmp,EDperfume.bmp,beetle.bmp,1,camper.wav,2_camper.wav,AbsentCohort,1,4,2,3,462
5,camper.bmp,ND_108.bmp,EDperfume.bmp,camel.bmp,1,camper.wav,5_camper.wav,DisplayedCohort,1,4,2,3,462
6,camper.bmp,ND_108.bmp,EDperfume.bmp,beetle.bmp,1,camper.wav,6_camper.wav,AbsentCohort,1,4,2,3,462
1,candy.bmp,ND_101.bmp,EDstamper.bmp,candle.bmp,4,candle.wav,1_candle.wav,DisplayedCohort,4,1,2,3,471
2,lorry.bmp,ND_101.bmp,EDstamper.bmp,candle.bmp,4,candle.wav,2_candle.wav,AbsentCohort,4,1,2,3,471
5,candy.bmp,ND_101.bmp,EDstamper.bmp,candle.bmp,4,candle.wav,5_candle.wav,DisplayedCohort,4,1,2,3,471
6,lorry.bmp,ND_101.bmp,EDstamper.bmp,candle.bmp,4,candle.wav,6_candle.wav,AbsentCohort,4,1,2,3,471
3,candle.bmp,ND_101.bmp,EDstamper.bmp,candy.bmp,4,candy.wav,3_candy.wav,DisplayedCohort,4,1,2,3,495
4,money.bmp,ND_101.bmp,EDstamper.bmp,candy.bmp,4,candy.wav,4_candy.wav,AbsentCohort,4,1,2,3,495
7,candle.bmp,ND_101.bmp,EDstamper.bmp,candy.bmp,4,candy.wav,7_candy.wav,DisplayedCohort,4,1,2,3,495
8,money.bmp,ND_101.bmp,EDstamper.bmp,candy.bmp,4,candy.wav,8_candy.wav,AbsentCohort,4,1,2,3,495
3,carton.bmp,letter.bmp,EDpill.bmp,ND_112.bmp,1,carton.wav,3_carton.wav,AbsentCohort,1,2,4,3,422
4,carton.bmp,cartoon.bmp,EDpill.bmp,ND_112.bmp,1,carton.wav,4_carton.wav,DisplayedCohort,1,2,4,3,422
7,carton.bmp,letter.bmp,EDpill.bmp,ND_112.bmp,1,carton.wav,7_carton.wav,AbsentCohort,1,2,4,3,422
8,carton.bmp,cartoon.bmp,EDpill.bmp,ND_112.bmp,1,carton.wav,8_carton.wav,DisplayedCohort,1,2,4,3,422
1,cartoon.bmp,lettuce.bmp,EDpill.bmp,ND_112.bmp,1,cartoon.wav,1_cartoon.wav,AbsentCohort,1,2,4,3,389
2,cartoon.bmp,carton.bmp,EDpill.bmp,ND_112.bmp,1,cartoon.wav,2_cartoon.wav,DisplayedCohort,1,2,4,3,389
5,cartoon.bmp,lettuce.bmp,EDpill.bmp,ND_112.bmp,1,cartoon.wav,5_cartoon.wav,AbsentCohort,1,2,4,3,389
6,cartoon.bmp,carton.bmp,EDpill.bmp,ND_112.bmp,1,cartoon.wav,6_cartoon.wav,DisplayedCohort,1,2,4,3,389
3,EDtomato.bmp,pasta.bmp,ND_117.bmp,catalogue.bmp,4,catalogue.wav,3_catalogue.wav,AbsentCohort,4,2,3,1,448
4,EDtomato.bmp,caterpillar.bmp,ND_117.bmp,catalogue.bmp,4,catalogue.wav,4_catalogue.wav,DisplayedCohort,4,2,3,1,448
7,EDtomato.bmp,pasta.bmp,ND_117.bmp,catalogue.bmp,4,catalogue.wav,7_catalogue.wav,AbsentCohort,4,2,3,1,448
8,EDtomato.bmp,caterpillar.bmp,ND_117.bmp,catalogue.bmp,4,catalogue.wav,8_catalogue.wav,DisplayedCohort,4,2,3,1,448
1,EDtomato.bmp,pasty.bmp,ND_117.bmp,caterpillar.bmp,4,caterpillar.wav,1_caterpillar.wav,AbsentCohort,4,2,3,1,393
2,EDtomato.bmp,catalogue.bmp,ND_117.bmp,caterpillar.bmp,4,caterpillar.wav,2_caterpillar.wav,DisplayedCohort,4,2,3,1,393
5,EDtomato.bmp,pasty.bmp,ND_117.bmp,caterpillar.bmp,4,caterpillar.wav,5_caterpillar.wav,AbsentCohort,4,2,3,1,393
6,EDtomato.bmp,catalogue.bmp,ND_117.bmp,caterpillar.bmp,4,caterpillar.wav,6_caterpillar.wav,DisplayedCohort,4,2,3,1,393
1,kitchen.bmp,ND_118.bmp,circle.bmp,EDslippers.bmp,3,circle.wav,1_circle.wav,AbsentCohort,3,1,2,4,429
2,circus.bmp,ND_118.bmp,circle.bmp,EDslippers.bmp,3,circle.wav,2_circle.wav,DisplayedCohort,3,1,2,4,429
5,kitchen.bmp,ND_118.bmp,circle.bmp,EDslippers.bmp,3,circle.wav,5_circle.wav,AbsentCohort,3,1,2,4,429
6,circus.bmp,ND_118.bmp,circle.bmp,EDslippers.bmp,3,circle.wav,6_circle.wav,DisplayedCohort,3,1,2,4,429
3,kitten.bmp,ND_118.bmp,circus.bmp,EDslippers.bmp,3,circus.wav,3_circus.wav,AbsentCohort,3,1,2,4,402
4,circle.bmp,ND_118.bmp,circus.bmp,EDslippers.bmp,3,circus.wav,4_circus.wav,DisplayedCohort,3,1,2,4,402
7,kitten.bmp,ND_118.bmp,circus.bmp,EDslippers.bmp,3,circus.wav,7_circus.wav,AbsentCohort,3,1,2,4,402
8,circle.bmp,ND_118.bmp,circus.bmp,EDslippers.bmp,3,circus.wav,8_circus.wav,DisplayedCohort,3,1,2,4,402
3,circle.bmp,kitchen.bmp,ND_111.bmp,EDpip.bmp,2,kitchen.wav,3_kitchen.wav,AbsentCohort,2,1,3,4,445
4,kitten.bmp,kitchen.bmp,ND_111.bmp,EDpip.bmp,2,kitchen.wav,4_kitchen.wav,DisplayedCohort,2,1,3,4,445
7,circle.bmp,kitchen.bmp,ND_111.bmp,EDpip.bmp,2,kitchen.wav,7_kitchen.wav,AbsentCohort,2,1,3,4,445
8,kitten.bmp,kitchen.bmp,ND_111.bmp,EDpip.bmp,2,kitchen.wav,8_kitchen.wav,DisplayedCohort,2,1,3,4,445
1,circus.bmp,kitten.bmp,ND_111.bmp,EDpip.bmp,2,kitten.wav,1_kitten.wav,AbsentCohort,2,1,3,4,501
2,kitchen.bmp,kitten.bmp,ND_111.bmp,EDpip.bmp,2,kitten.wav,2_kitten.wav,DisplayedCohort,2,1,3,4,501
5,circus.bmp,kitten.bmp,ND_111.bmp,EDpip.bmp,2,kitten.wav,5_kitten.wav,AbsentCohort,2,1,3,4,501
6,kitchen.bmp,kitten.bmp,ND_111.bmp,EDpip.bmp,2,kitten.wav,6_kitten.wav,DisplayedCohort,2,1,3,4,501
1,letter.bmp,EDbridge.bmp,button.bmp,ND_116.bmp,1,letter.wav,1_letter.wav,AbsentCohort,1,3,4,2,419
2,letter.bmp,EDbridge.bmp,lettuce.bmp,ND_116.bmp,1,letter.wav,2_letter.wav,DisplayedCohort,1,3,4,2,419
5,letter.bmp,EDbridge.bmp,button.bmp,ND_116.bmp,1,letter.wav,5_letter.wav,AbsentCohort,1,3,4,2,419
6,letter.bmp,EDbridge.bmp,lettuce.bmp,ND_116.bmp,1,letter.wav,6_letter.wav,DisplayedCohort,1,3,4,2,419
3,lettuce.bmp,EDbridge.bmp,butter.bmp,ND_116.bmp,1,lettuce.wav,3_lettuce.wav,AbsentCohort,1,3,4,2,414
4,lettuce.bmp,EDbridge.bmp,letter.bmp,ND_116.bmp,1,lettuce.wav,4_lettuce.wav,DisplayedCohort,1,3,4,2,414
7,lettuce.bmp,EDbridge.bmp,butter.bmp,ND_116.bmp,1,lettuce.wav,7_lettuce.wav,AbsentCohort,1,3,4,2,414
8,lettuce.bmp,EDbridge.bmp,letter.bmp,ND_116.bmp,1,lettuce.wav,8_lettuce.wav,DisplayedCohort,1,3,4,2,414
1,EDparrot.bmp,lolly.bmp,ND_107.bmp,lorry.bmp,2,lolly.wav,1_lolly.wav,DisplayedCohort,2,4,3,1,406
2,EDparrot.bmp,lolly.bmp,ND_107.bmp,padlock.bmp,2,lolly.wav,2_lolly.wav,AbsentCohort,2,4,3,1,406
5,EDparrot.bmp,lolly.bmp,ND_107.bmp,lorry.bmp,2,lolly.wav,5_lolly.wav,DisplayedCohort,2,4,3,1,406
6,EDparrot.bmp,lolly.bmp,ND_107.bmp,padlock.bmp,2,lolly.wav,6_lolly.wav,AbsentCohort,2,4,3,1,406
3,EDparrot.bmp,lorry.bmp,ND_107.bmp,lolly.bmp,2,lorry.wav,3_lorry.wav,DisplayedCohort,2,4,3,1,367
4,EDparrot.bmp,lorry.bmp,ND_107.bmp,paddle.bmp,2,lorry.wav,4_lorry.wav,AbsentCohort,2,4,3,1,367
7,EDparrot.bmp,lorry.bmp,ND_107.bmp,lolly.bmp,2,lorry.wav,7_lorry.wav,DisplayedCohort,2,4,3,1,367
8,EDparrot.bmp,lorry.bmp,ND_107.bmp,paddle.bmp,2,lorry.wav,8_lorry.wav,AbsentCohort,2,4,3,1,367
1,EDladybird.bmp,ND_114.bmp,medal.bmp,catalogue.bmp,3,medal.wav,1_medal.wav,AbsentCohort,3,4,2,1,384
2,EDladybird.bmp,ND_114.bmp,medal.bmp,metal.bmp,3,medal.wav,2_medal.wav,DisplayedCohort,3,4,2,1,384
5,EDladybird.bmp,ND_114.bmp,medal.bmp,catalogue.bmp,3,medal.wav,5_medal.wav,AbsentCohort,3,4,2,1,384
6,EDladybird.bmp,ND_114.bmp,medal.bmp,metal.bmp,3,medal.wav,6_medal.wav,DisplayedCohort,3,4,2,1,384
3,EDladybird.bmp,ND_114.bmp,metal.bmp,caterpillar.bmp,3,metal.wav,3_metal.wav,AbsentCohort,3,4,2,1,394
4,EDladybird.bmp,ND_114.bmp,metal.bmp,medal.bmp,3,metal.wav,4_metal.wav,DisplayedCohort,3,4,2,1,394
7,EDladybird.bmp,ND_114.bmp,metal.bmp,caterpillar.bmp,3,metal.wav,7_metal.wav,AbsentCohort,3,4,2,1,394
8,EDladybird.bmp,ND_114.bmp,metal.bmp,medal.bmp,3,metal.wav,8_metal.wav,DisplayedCohort,3,4,2,1,394
1,monkey.bmp,EDhill.bmp,money.bmp,ND_106.bmp,3,money.wav,1_money.wav,DisplayedCohort,3,1,4,2,468
2,bacon.bmp,EDhill.bmp,money.bmp,ND_106.bmp,3,money.wav,2_money.wav,AbsentCohort,3,1,4,2,468
5,monkey.bmp,EDhill.bmp,money.bmp,ND_106.bmp,3,money.wav,5_money.wav,DisplayedCohort,3,1,4,2,468
6,bacon.bmp,EDhill.bmp,money.bmp,ND_106.bmp,3,money.wav,6_money.wav,AbsentCohort,3,1,4,2,468
3,money.bmp,EDhill.bmp,monkey.bmp,ND_106.bmp,3,monkey.wav,3_monkey.wav,DisplayedCohort,3,1,4,2,453
4,baker.bmp,EDhill.bmp,monkey.bmp,ND_106.bmp,3,monkey.wav,4_monkey.wav,AbsentCohort,3,1,4,2,453
7,money.bmp,EDhill.bmp,monkey.bmp,ND_106.bmp,3,monkey.wav,7_monkey.wav,DisplayedCohort,3,1,4,2,453
8,baker.bmp,EDhill.bmp,monkey.bmp,ND_106.bmp,3,monkey.wav,8_monkey.wav,AbsentCohort,3,1,4,2,453
1,ND_63.bmp,EDcollar.bmp,EDriver.bmp,EDtortoise.bmp,1,ND_balras.wav,1_ND_balras.wav,novelfiller,,,,,
2,ND_63.bmp,EDcollar.bmp,EDriver.bmp,EDtortoise.bmp,1,ND_balras.wav,2_ND_balras.wav,novelfiller,,,,,
3,ND_63.bmp,EDcollar.bmp,EDriver.bmp,EDtortoise.bmp,1,ND_balras.wav,3_ND_balras.wav,novelfiller,,,,,
4,ND_63.bmp,EDcollar.bmp,EDriver.bmp,EDtortoise.bmp,1,ND_balras.wav,4_ND_balras.wav,novelfiller,,,,,
5,ND_63.bmp,EDcollar.bmp,EDriver.bmp,EDtortoise.bmp,1,ND_balras.wav,5_ND_balras.wav,novelfiller,,,,,
6,ND_63.bmp,EDcollar.bmp,EDriver.bmp,EDtortoise.bmp,1,ND_balras.wav,6_ND_balras.wav,novelfiller,,,,,
7,ND_63.bmp,EDcollar.bmp,EDriver.bmp,EDtortoise.bmp,1,ND_balras.wav,7_ND_balras.wav,novelfiller,,,,,
8,ND_63.bmp,EDcollar.bmp,EDriver.bmp,EDtortoise.bmp,1,ND_balras.wav,8_ND_balras.wav,novelfiller,,,,,
1,EDtag.bmp,EDpetal.bmp,EDtoad.bmp,ND_59.bmp,4,ND_chamgalp.wav,1_ND_chamgalp.wav,novelfiller,,,,,
2,EDtag.bmp,EDpetal.bmp,EDtoad.bmp,ND_59.bmp,4,ND_chamgalp.wav,2_ND_chamgalp.wav,novelfiller,,,,,
3,EDtag.bmp,EDpetal.bmp,EDtoad.bmp,ND_59.bmp,4,ND_chamgalp.wav,3_ND_chamgalp.wav,novelfiller,,,,,
4,EDtag.bmp,EDpetal.bmp,EDtoad.bmp,ND_59.bmp,4,ND_chamgalp.wav,4_ND_chamgalp.wav,novelfiller,,,,,
5,EDtag.bmp,EDpetal.bmp,EDtoad.bmp,ND_59.bmp,4,ND_chamgalp.wav,5_ND_chamgalp.wav,novelfiller,,,,,
6,EDtag.bmp,EDpetal.bmp,EDtoad.bmp,ND_59.bmp,4,ND_chamgalp.wav,6_ND_chamgalp.wav,novelfiller,,,,,
7,EDtag.bmp,EDpetal.bmp,EDtoad.bmp,ND_59.bmp,4,ND_chamgalp.wav,7_ND_chamgalp.wav,novelfiller,,,,,
8,EDtag.bmp,EDpetal.bmp,EDtoad.bmp,ND_59.bmp,4,ND_chamgalp.wav,8_ND_chamgalp.wav,novelfiller,,,,,
1,ND_49.bmp,EDdiamond.bmp,EDbasket.bmp,EDcandle.bmp,1,ND_grompa.wav,1_ND_grompa.wav,novelfiller,,,,,
2,ND_49.bmp,EDdiamond.bmp,EDbasket.bmp,EDcandle.bmp,1,ND_grompa.wav,2_ND_grompa.wav,novelfiller,,,,,
3,ND_49.bmp,EDdiamond.bmp,EDbasket.bmp,EDcandle.bmp,1,ND_grompa.wav,3_ND_grompa.wav,novelfiller,,,,,
4,ND_49.bmp,EDdiamond.bmp,EDbasket.bmp,EDcandle.bmp,1,ND_grompa.wav,4_ND_grompa.wav,novelfiller,,,,,
5,ND_49.bmp,EDdiamond.bmp,EDbasket.bmp,EDcandle.bmp,1,ND_grompa.wav,5_ND_grompa.wav,novelfiller,,,,,
6,ND_49.bmp,EDdiamond.bmp,EDbasket.bmp,EDcandle.bmp,1,ND_grompa.wav,6_ND_grompa.wav,novelfiller,,,,,
7,ND_49.bmp,EDdiamond.bmp,EDbasket.bmp,EDcandle.bmp,1,ND_grompa.wav,7_ND_grompa.wav,novelfiller,,,,,
8,ND_49.bmp,EDdiamond.bmp,EDbasket.bmp,EDcandle.bmp,1,ND_grompa.wav,8_ND_grompa.wav,novelfiller,,,,,
1,EDpresent.bmp,ND_72.bmp,EDsand.bmp,EDpin.bmp,2,ND_hekobi.wav,1_ND_hekobi.wav,novelfiller,,,,,
2,EDpresent.bmp,ND_72.bmp,EDsand.bmp,EDpin.bmp,2,ND_hekobi.wav,2_ND_hekobi.wav,novelfiller,,,,,
3,EDpresent.bmp,ND_72.bmp,EDsand.bmp,EDpin.bmp,2,ND_hekobi.wav,3_ND_hekobi.wav,novelfiller,,,,,
4,EDpresent.bmp,ND_72.bmp,EDsand.bmp,EDpin.bmp,2,ND_hekobi.wav,4_ND_hekobi.wav,novelfiller,,,,,
5,EDpresent.bmp,ND_72.bmp,EDsand.bmp,EDpin.bmp,2,ND_hekobi.wav,5_ND_hekobi.wav,novelfiller,,,,,
6,EDpresent.bmp,ND_72.bmp,EDsand.bmp,EDpin.bmp,2,ND_hekobi.wav,6_ND_hekobi.wav,novelfiller,,,,,
7,EDpresent.bmp,ND_72.bmp,EDsand.bmp,EDpin.bmp,2,ND_hekobi.wav,7_ND_hekobi.wav,novelfiller,,,,,
8,EDpresent.bmp,ND_72.bmp,EDsand.bmp,EDpin.bmp,2,ND_hekobi.wav,8_ND_hekobi.wav,novelfiller,,,,,
1,EDrope.bmp,EDcoin.bmp,EDbin.bmp,ND_69.bmp,4,ND_hinshink.wav,1_ND_hinshink.wav,novelfiller,,,,,
2,EDrope.bmp,EDcoin.bmp,EDbin.bmp,ND_69.bmp,4,ND_hinshink.wav,2_ND_hinshink.wav,novelfiller,,,,,
3,EDrope.bmp,EDcoin.bmp,EDbin.bmp,ND_69.bmp,4,ND_hinshink.wav,3_ND_hinshink.wav,novelfiller,,,,,
4,EDrope.bmp,EDcoin.bmp,EDbin.bmp,ND_69.bmp,4,ND_hinshink.wav,4_ND_hinshink.wav,novelfiller,,,,,
5,EDrope.bmp,EDcoin.bmp,EDbin.bmp,ND_69.bmp,4,ND_hinshink.wav,5_ND_hinshink.wav,novelfiller,,,,,
6,EDrope.bmp,EDcoin.bmp,EDbin.bmp,ND_69.bmp,4,ND_hinshink.wav,6_ND_hinshink.wav,novelfiller,,,,,
7,EDrope.bmp,EDcoin.bmp,EDbin.bmp,ND_69.bmp,4,ND_hinshink.wav,7_ND_hinshink.wav,novelfiller,,,,,
8,EDrope.bmp,EDcoin.bmp,EDbin.bmp,ND_69.bmp,4,ND_hinshink.wav,8_ND_hinshink.wav,novelfiller,,,,,
1,EDfeet.bmp,EDking.bmp,ND_73.bmp,EDfrog.bmp,3,ND_kipthermit.wav,1_ND_kipthermit.wav,novelfiller,,,,,
2,EDfeet.bmp,EDking.bmp,ND_73.bmp,EDfrog.bmp,3,ND_kipthermit.wav,2_ND_kipthermit.wav,novelfiller,,,,,
3,EDfeet.bmp,EDking.bmp,ND_73.bmp,EDfrog.bmp,3,ND_kipthermit.wav,3_ND_kipthermit.wav,novelfiller,,,,,
4,EDfeet.bmp,EDking.bmp,ND_73.bmp,EDfrog.bmp,3,ND_kipthermit.wav,4_ND_kipthermit.wav,novelfiller,,,,,
5,EDfeet.bmp,EDking.bmp,ND_73.bmp,EDfrog.bmp,3,ND_kipthermit.wav,5_ND_kipthermit.wav,novelfiller,,,,,
6,EDfeet.bmp,EDking.bmp,ND_73.bmp,EDfrog.bmp,3,ND_kipthermit.wav,6_ND_kipthermit.wav,novelfiller,,,,,
7,EDfeet.bmp,EDking.bmp,ND_73.bmp,EDfrog.bmp,3,ND_kipthermit.wav,7_ND_kipthermit.wav,novelfiller,,,,,
8,EDfeet.bmp,EDking.bmp,ND_73.bmp,EDfrog.bmp,3,ND_kipthermit.wav,8_ND_kipthermit.wav,novelfiller,,,,,
1,EDhoney.bmp,EDkey.bmp,EDbottle.bmp,ND_64.bmp,4,ND_molsmit.wav,1_ND_molsmit.wav,novelfiller,,,,,
2,EDhoney.bmp,EDkey.bmp,EDbottle.bmp,ND_64.bmp,4,ND_molsmit.wav,2_ND_molsmit.wav,novelfiller,,,,,
3,EDhoney.bmp,EDkey.bmp,EDbottle.bmp,ND_64.bmp,4,ND_molsmit.wav,3_ND_molsmit.wav,novelfiller,,,,,
4,EDhoney.bmp,EDkey.bmp,EDbottle.bmp,ND_64.bmp,4,ND_molsmit.wav,4_ND_molsmit.wav,novelfiller,,,,,
5,EDhoney.bmp,EDkey.bmp,EDbottle.bmp,ND_64.bmp,4,ND_molsmit.wav,5_ND_molsmit.wav,novelfiller,,,,,
6,EDhoney.bmp,EDkey.bmp,EDbottle.bmp,ND_64.bmp,4,ND_molsmit.wav,6_ND_molsmit.wav,novelfiller,,,,,
7,EDhoney.bmp,EDkey.bmp,EDbottle.bmp,ND_64.bmp,4,ND_molsmit.wav,7_ND_molsmit.wav,novelfiller,,,,,
8,EDhoney.bmp,EDkey.bmp,EDbottle.bmp,ND_64.bmp,4,ND_molsmit.wav,8_ND_molsmit.wav,novelfiller,,,,,
1,EDcamel.bmp,ND_61.bmp,EDfish.bmp,EDsea.bmp,2,ND_nemok.wav,1_ND_nemok.wav,novelfiller,,,,,
2,EDcamel.bmp,ND_61.bmp,EDfish.bmp,EDsea.bmp,2,ND_nemok.wav,2_ND_nemok.wav,novelfiller,,,,,
3,EDcamel.bmp,ND_61.bmp,EDfish.bmp,EDsea.bmp,2,ND_nemok.wav,3_ND_nemok.wav,novelfiller,,,,,
4,EDcamel.bmp,ND_61.bmp,EDfish.bmp,EDsea.bmp,2,ND_nemok.wav,4_ND_nemok.wav,novelfiller,,,,,
5,EDcamel.bmp,ND_61.bmp,EDfish.bmp,EDsea.bmp,2,ND_nemok.wav,5_ND_nemok.wav,novelfiller,,,,,
6,EDcamel.bmp,ND_61.bmp,EDfish.bmp,EDsea.bmp,2,ND_nemok.wav,6_ND_nemok.wav,novelfiller,,,,,
7,EDcamel.bmp,ND_61.bmp,EDfish.bmp,EDsea.bmp,2,ND_nemok.wav,7_ND_nemok.wav,novelfiller,,,,,
8,EDcamel.bmp,ND_61.bmp,EDfish.bmp,EDsea.bmp,2,ND_nemok.wav,8_ND_nemok.wav,novelfiller,,,,,
1,EDcupboard.bmp,ND_78.bmp,EDpillow.bmp,EDrhino.bmp,2,ND_nishboka.wav,1_ND_nishboka.wav,novelfiller,,,,,
2,EDcupboard.bmp,ND_78.bmp,EDpillow.bmp,EDrhino.bmp,2,ND_nishboka.wav,2_ND_nishboka.wav,novelfiller,,,,,
3,EDcupboard.bmp,ND_78.bmp,EDpillow.bmp,EDrhino.bmp,2,ND_nishboka.wav,3_ND_nishboka.wav,novelfiller,,,,,
4,EDcupboard.bmp,ND_78.bmp,EDpillow.bmp,EDrhino.bmp,2,ND_nishboka.wav,4_ND_nishboka.wav,novelfiller,,,,,
5,EDcupboard.bmp,ND_78.bmp,EDpillow.bmp,EDrhino.bmp,2,ND_nishboka.wav,5_ND_nishboka.wav,novelfiller,,,,,
6,EDcupboard.bmp,ND_78.bmp,EDpillow.bmp,EDrhino.bmp,2,ND_nishboka.wav,6_ND_nishboka.wav,novelfiller,,,,,
7,EDcupboard.bmp,ND_78.bmp,EDpillow.bmp,EDrhino.bmp,2,ND_nishboka.wav,7_ND_nishboka.wav,novelfiller,,,,,
8,EDcupboard.bmp,ND_78.bmp,EDpillow.bmp,EDrhino.bmp,2,ND_nishboka.wav,8_ND_nishboka.wav,novelfiller,,,,,
1,EDblanket.bmp,ND_66.bmp,EDroad.bmp,EDpineapple.bmp,2,ND_nolcrid.wav,1_ND_nolcrid.wav,novelfiller,,,,,
2,EDblanket.bmp,ND_66.bmp,EDroad.bmp,EDpineapple.bmp,2,ND_nolcrid.wav,2_ND_nolcrid.wav,novelfiller,,,,,
3,EDblanket.bmp,ND_66.bmp,EDroad.bmp,EDpineapple.bmp,2,ND_nolcrid.wav,3_ND_nolcrid.wav,novelfiller,,,,,
4,EDblanket.bmp,ND_66.bmp,EDroad.bmp,EDpineapple.bmp,2,ND_nolcrid.wav,4_ND_nolcrid.wav,novelfiller,,,,,
5,EDblanket.bmp,ND_66.bmp,EDroad.bmp,EDpineapple.bmp,2,ND_nolcrid.wav,5_ND_nolcrid.wav,novelfiller,,,,,
6,EDblanket.bmp,ND_66.bmp,EDroad.bmp,EDpineapple.bmp,2,ND_nolcrid.wav,6_ND_nolcrid.wav,novelfiller,,,,,
7,EDblanket.bmp,ND_66.bmp,EDroad.bmp,EDpineapple.bmp,2,ND_nolcrid.wav,7_ND_nolcrid.wav,novelfiller,,,,,
8,EDblanket.bmp,ND_66.bmp,EDroad.bmp,EDpineapple.bmp,2,ND_nolcrid.wav,8_ND_nolcrid.wav,novelfiller,,,,,
1,ND_56.bmp,EDbat.bmp,EDcastle.bmp,EDfarmer.bmp,1,ND_shoboe.wav,1_ND_shoboe.wav,novelfiller,,,,,
2,ND_56.bmp,EDbat.bmp,EDcastle.bmp,EDfarmer.bmp,1,ND_shoboe.wav,2_ND_shoboe.wav,novelfiller,,,,,
3,ND_56.bmp,EDbat.bmp,EDcastle.bmp,EDfarmer.bmp,1,ND_shoboe.wav,3_ND_shoboe.wav,novelfiller,,,,,
4,ND_56.bmp,EDbat.bmp,EDcastle.bmp,EDfarmer.bmp,1,ND_shoboe.wav,4_ND_shoboe.wav,novelfiller,,,,,
5,ND_56.bmp,EDbat.bmp,EDcastle.bmp,EDfarmer.bmp,1,ND_shoboe.wav,5_ND_shoboe.wav,novelfiller,,,,,
6,ND_56.bmp,EDbat.bmp,EDcastle.bmp,EDfarmer.bmp,1,ND_shoboe.wav,6_ND_shoboe.wav,novelfiller,,,,,
7,ND_56.bmp,EDbat.bmp,EDcastle.bmp,EDfarmer.bmp,1,ND_shoboe.wav,7_ND_shoboe.wav,novelfiller,,,,,
8,ND_56.bmp,EDbat.bmp,EDcastle.bmp,EDfarmer.bmp,1,ND_shoboe.wav,8_ND_shoboe.wav,novelfiller,,,,,
1,EDband.bmp,EDfire.bmp,ND_83.bmp,EDpie.bmp,3,ND_sloskonad.wav,1_ND_sloskonad.wav,novelfiller,,,,,
2,EDband.bmp,EDfire.bmp,ND_83.bmp,EDpie.bmp,3,ND_sloskonad.wav,2_ND_sloskonad.wav,novelfiller,,,,,
3,EDband.bmp,EDfire.bmp,ND_83.bmp,EDpie.bmp,3,ND_sloskonad.wav,3_ND_sloskonad.wav,novelfiller,,,,,
4,EDband.bmp,EDfire.bmp,ND_83.bmp,EDpie.bmp,3,ND_sloskonad.wav,4_ND_sloskonad.wav,novelfiller,,,,,
5,EDband.bmp,EDfire.bmp,ND_83.bmp,EDpie.bmp,3,ND_sloskonad.wav,5_ND_sloskonad.wav,novelfiller,,,,,
6,EDband.bmp,EDfire.bmp,ND_83.bmp,EDpie.bmp,3,ND_sloskonad.wav,6_ND_sloskonad.wav,novelfiller,,,,,
7,EDband.bmp,EDfire.bmp,ND_83.bmp,EDpie.bmp,3,ND_sloskonad.wav,7_ND_sloskonad.wav,novelfiller,,,,,
8,EDband.bmp,EDfire.bmp,ND_83.bmp,EDpie.bmp,3,ND_sloskonad.wav,8_ND_sloskonad.wav,novelfiller,,,,,
1,EDlemon.bmp,ND_52.bmp,EDhandle.bmp,EDplate.bmp,2,ND_snidfey.wav,1_ND_snidfey.wav,novelfiller,,,,,
2,EDlemon.bmp,ND_52.bmp,EDhandle.bmp,EDplate.bmp,2,ND_snidfey.wav,2_ND_snidfey.wav,novelfiller,,,,,
3,EDlemon.bmp,ND_52.bmp,EDhandle.bmp,EDplate.bmp,2,ND_snidfey.wav,3_ND_snidfey.wav,novelfiller,,,,,
4,EDlemon.bmp,ND_52.bmp,EDhandle.bmp,EDplate.bmp,2,ND_snidfey.wav,4_ND_snidfey.wav,novelfiller,,,,,
5,EDlemon.bmp,ND_52.bmp,EDhandle.bmp,EDplate.bmp,2,ND_snidfey.wav,5_ND_snidfey.wav,novelfiller,,,,,
6,EDlemon.bmp,ND_52.bmp,EDhandle.bmp,EDplate.bmp,2,ND_snidfey.wav,6_ND_snidfey.wav,novelfiller,,,,,
7,EDlemon.bmp,ND_52.bmp,EDhandle.bmp,EDplate.bmp,2,ND_snidfey.wav,7_ND_snidfey.wav,novelfiller,,,,,
8,EDlemon.bmp,ND_52.bmp,EDhandle.bmp,EDplate.bmp,2,ND_snidfey.wav,8_ND_snidfey.wav,novelfiller,,,,,
1,ND_68.bmp,EDharp.bmp,EDeyes.bmp,EDtophat.bmp,1,ND_stansert.wav,1_ND_stansert.wav,novelfiller,,,,,
2,ND_68.bmp,EDharp.bmp,EDeyes.bmp,EDtophat.bmp,1,ND_stansert.wav,2_ND_stansert.wav,novelfiller,,,,,
3,ND_68.bmp,EDharp.bmp,EDeyes.bmp,EDtophat.bmp,1,ND_stansert.wav,3_ND_stansert.wav,novelfiller,,,,,
4,ND_68.bmp,EDharp.bmp,EDeyes.bmp,EDtophat.bmp,1,ND_stansert.wav,4_ND_stansert.wav,novelfiller,,,,,
5,ND_68.bmp,EDharp.bmp,EDeyes.bmp,EDtophat.bmp,1,ND_stansert.wav,5_ND_stansert.wav,novelfiller,,,,,
6,ND_68.bmp,EDharp.bmp,EDeyes.bmp,EDtophat.bmp,1,ND_stansert.wav,6_ND_stansert.wav,novelfiller,,,,,
7,ND_68.bmp,EDharp.bmp,EDeyes.bmp,EDtophat.bmp,1,ND_stansert.wav,7_ND_stansert.wav,novelfiller,,,,,
8,ND_68.bmp,EDharp.bmp,EDeyes.bmp,EDtophat.bmp,1,ND_stansert.wav,8_ND_stansert.wav,novelfiller,,,,,
1,ND_76.bmp,EDtree.bmp,EDclass.bmp,EDmirror.bmp,1,ND_sunipog.wav,1_ND_sunipog.wav,novelfiller,,,,,
2,ND_76.bmp,EDtree.bmp,EDclass.bmp,EDmirror.bmp,1,ND_sunipog.wav,2_ND_sunipog.wav,novelfiller,,,,,
3,ND_76.bmp,EDtree.bmp,EDclass.bmp,EDmirror.bmp,1,ND_sunipog.wav,3_ND_sunipog.wav,novelfiller,,,,,
4,ND_76.bmp,EDtree.bmp,EDclass.bmp,EDmirror.bmp,1,ND_sunipog.wav,4_ND_sunipog.wav,novelfiller,,,,,
5,ND_76.bmp,EDtree.bmp,EDclass.bmp,EDmirror.bmp,1,ND_sunipog.wav,5_ND_sunipog.wav,novelfiller,,,,,
6,ND_76.bmp,EDtree.bmp,EDclass.bmp,EDmirror.bmp,1,ND_sunipog.wav,6_ND_sunipog.wav,novelfiller,,,,,
7,ND_76.bmp,EDtree.bmp,EDclass.bmp,EDmirror.bmp,1,ND_sunipog.wav,7_ND_sunipog.wav,novelfiller,,,,,
8,ND_76.bmp,EDtree.bmp,EDclass.bmp,EDmirror.bmp,1,ND_sunipog.wav,8_ND_sunipog.wav,novelfiller,,,,,
1,EDpedal.bmp,EDbunny.bmp,EDchip.bmp,ND_77.bmp,4,ND_tastanza.wav,1_ND_tastanza.wav,novelfiller,,,,,
2,EDpedal.bmp,EDbunny.bmp,EDchip.bmp,ND_77.bmp,4,ND_tastanza.wav,2_ND_tastanza.wav,novelfiller,,,,,
3,EDpedal.bmp,EDbunny.bmp,EDchip.bmp,ND_77.bmp,4,ND_tastanza.wav,3_ND_tastanza.wav,novelfiller,,,,,
4,EDpedal.bmp,EDbunny.bmp,EDchip.bmp,ND_77.bmp,4,ND_tastanza.wav,4_ND_tastanza.wav,novelfiller,,,,,
5,EDpedal.bmp,EDbunny.bmp,EDchip.bmp,ND_77.bmp,4,ND_tastanza.wav,5_ND_tastanza.wav,novelfiller,,,,,
6,EDpedal.bmp,EDbunny.bmp,EDchip.bmp,ND_77.bmp,4,ND_tastanza.wav,6_ND_tastanza.wav,novelfiller,,,,,
7,EDpedal.bmp,EDbunny.bmp,EDchip.bmp,ND_77.bmp,4,ND_tastanza.wav,7_ND_tastanza.wav,novelfiller,,,,,
8,EDpedal.bmp,EDbunny.bmp,EDchip.bmp,ND_77.bmp,4,ND_tastanza.wav,8_ND_tastanza.wav,novelfiller,,,,,
1,EDcat.bmp,EDflower.bmp,ND_62.bmp,EDneck.bmp,3,ND_tegwop.wav,1_ND_tegwop.wav,novelfiller,,,,,
2,EDcat.bmp,EDflower.bmp,ND_62.bmp,EDneck.bmp,3,ND_tegwop.wav,2_ND_tegwop.wav,novelfiller,,,,,
3,EDcat.bmp,EDflower.bmp,ND_62.bmp,EDneck.bmp,3,ND_tegwop.wav,3_ND_tegwop.wav,novelfiller,,,,,
4,EDcat.bmp,EDflower.bmp,ND_62.bmp,EDneck.bmp,3,ND_tegwop.wav,4_ND_tegwop.wav,novelfiller,,,,,
5,EDcat.bmp,EDflower.bmp,ND_62.bmp,EDneck.bmp,3,ND_tegwop.wav,5_ND_tegwop.wav,novelfiller,,,,,
6,EDcat.bmp,EDflower.bmp,ND_62.bmp,EDneck.bmp,3,ND_tegwop.wav,6_ND_tegwop.wav,novelfiller,,,,,
7,EDcat.bmp,EDflower.bmp,ND_62.bmp,EDneck.bmp,3,ND_tegwop.wav,7_ND_tegwop.wav,novelfiller,,,,,
8,EDcat.bmp,EDflower.bmp,ND_62.bmp,EDneck.bmp,3,ND_tegwop.wav,8_ND_tegwop.wav,novelfiller,,,,,
1,EDbelt.bmp,EDdolly.bmp,EDeggs.bmp,ND_50.bmp,4,ND_trolkey.wav,1_ND_trolkey.wav,novelfiller,,,,,
2,EDbelt.bmp,EDdolly.bmp,EDeggs.bmp,ND_50.bmp,4,ND_trolkey.wav,2_ND_trolkey.wav,novelfiller,,,,,
3,EDbelt.bmp,EDdolly.bmp,EDeggs.bmp,ND_50.bmp,4,ND_trolkey.wav,3_ND_trolkey.wav,novelfiller,,,,,
4,EDbelt.bmp,EDdolly.bmp,EDeggs.bmp,ND_50.bmp,4,ND_trolkey.wav,4_ND_trolkey.wav,novelfiller,,,,,
5,EDbelt.bmp,EDdolly.bmp,EDeggs.bmp,ND_50.bmp,4,ND_trolkey.wav,5_ND_trolkey.wav,novelfiller,,,,,
6,EDbelt.bmp,EDdolly.bmp,EDeggs.bmp,ND_50.bmp,4,ND_trolkey.wav,6_ND_trolkey.wav,novelfiller,,,,,
7,EDbelt.bmp,EDdolly.bmp,EDeggs.bmp,ND_50.bmp,4,ND_trolkey.wav,7_ND_trolkey.wav,novelfiller,,,,,
8,EDbelt.bmp,EDdolly.bmp,EDeggs.bmp,ND_50.bmp,4,ND_trolkey.wav,8_ND_trolkey.wav,novelfiller,,,,,
1,EDpipe.bmp,EDschool.bmp,ND_67.bmp,EDpop.bmp,3,ND_twamket.wav,1_ND_twamket.wav,novelfiller,,,,,
2,EDpipe.bmp,EDschool.bmp,ND_67.bmp,EDpop.bmp,3,ND_twamket.wav,2_ND_twamket.wav,novelfiller,,,,,
3,EDpipe.bmp,EDschool.bmp,ND_67.bmp,EDpop.bmp,3,ND_twamket.wav,3_ND_twamket.wav,novelfiller,,,,,
4,EDpipe.bmp,EDschool.bmp,ND_67.bmp,EDpop.bmp,3,ND_twamket.wav,4_ND_twamket.wav,novelfiller,,,,,
5,EDpipe.bmp,EDschool.bmp,ND_67.bmp,EDpop.bmp,3,ND_twamket.wav,5_ND_twamket.wav,novelfiller,,,,,
6,EDpipe.bmp,EDschool.bmp,ND_67.bmp,EDpop.bmp,3,ND_twamket.wav,6_ND_twamket.wav,novelfiller,,,,,
7,EDpipe.bmp,EDschool.bmp,ND_67.bmp,EDpop.bmp,3,ND_twamket.wav,7_ND_twamket.wav,novelfiller,,,,,
8,EDpipe.bmp,EDschool.bmp,ND_67.bmp,EDpop.bmp,3,ND_twamket.wav,8_ND_twamket.wav,novelfiller,,,,,
1,EDboy.bmp,EDcap.bmp,ND_54.bmp,EDelephant.bmp,3,ND_voppum.wav,1_ND_voppum.wav,novelfiller,,,,,
2,EDboy.bmp,EDcap.bmp,ND_54.bmp,EDelephant.bmp,3,ND_voppum.wav,2_ND_voppum.wav,novelfiller,,,,,
3,EDboy.bmp,EDcap.bmp,ND_54.bmp,EDelephant.bmp,3,ND_voppum.wav,3_ND_voppum.wav,novelfiller,,,,,
4,EDboy.bmp,EDcap.bmp,ND_54.bmp,EDelephant.bmp,3,ND_voppum.wav,4_ND_voppum.wav,novelfiller,,,,,
5,EDboy.bmp,EDcap.bmp,ND_54.bmp,EDelephant.bmp,3,ND_voppum.wav,5_ND_voppum.wav,novelfiller,,,,,
6,EDboy.bmp,EDcap.bmp,ND_54.bmp,EDelephant.bmp,3,ND_voppum.wav,6_ND_voppum.wav,novelfiller,,,,,
7,EDboy.bmp,EDcap.bmp,ND_54.bmp,EDelephant.bmp,3,ND_voppum.wav,7_ND_voppum.wav,novelfiller,,,,,
8,EDboy.bmp,EDcap.bmp,ND_54.bmp,EDelephant.bmp,3,ND_voppum.wav,8_ND_voppum.wav,novelfiller,,,,,
3,ND_115.bmp,package.bmp,medal.bmp,EDbench.bmp,2,package.wav,3_package.wav,AbsentCohort,2,3,1,4,491
4,ND_115.bmp,package.bmp,packet.bmp,EDbench.bmp,2,package.wav,4_package.wav,DisplayedCohort,2,3,1,4,491
7,ND_115.bmp,package.bmp,medal.bmp,EDbench.bmp,2,package.wav,7_package.wav,AbsentCohort,2,3,1,4,491
8,ND_115.bmp,package.bmp,packet.bmp,EDbench.bmp,2,package.wav,8_package.wav,DisplayedCohort,2,3,1,4,491
1,ND_115.bmp,packet.bmp,metal.bmp,EDbench.bmp,2,packet.wav,1_packet.wav,AbsentCohort,2,3,1,4,444
2,ND_115.bmp,packet.bmp,package.bmp,EDbench.bmp,2,packet.wav,2_packet.wav,DisplayedCohort,2,3,1,4,444
5,ND_115.bmp,packet.bmp,metal.bmp,EDbench.bmp,2,packet.wav,5_packet.wav,AbsentCohort,2,3,1,4,444
6,ND_115.bmp,packet.bmp,package.bmp,EDbench.bmp,2,packet.wav,6_packet.wav,DisplayedCohort,2,3,1,4,444
1,ND_102.bmp,EDdragon.bmp,paddle.bmp,padlock.bmp,3,paddle.wav,1_paddle.wav,DisplayedCohort,3,4,1,2,449
2,ND_102.bmp,EDdragon.bmp,paddle.bmp,camel.bmp,3,paddle.wav,2_paddle.wav,AbsentCohort,3,4,1,2,449
5,ND_102.bmp,EDdragon.bmp,paddle.bmp,padlock.bmp,3,paddle.wav,5_paddle.wav,DisplayedCohort,3,4,1,2,449
6,ND_102.bmp,EDdragon.bmp,paddle.bmp,camel.bmp,3,paddle.wav,6_paddle.wav,AbsentCohort,3,4,1,2,449
3,ND_102.bmp,EDdragon.bmp,padlock.bmp,paddle.bmp,3,padlock.wav,3_padlock.wav,DisplayedCohort,3,4,1,2,441
4,ND_102.bmp,EDdragon.bmp,padlock.bmp,lolly.bmp,3,padlock.wav,4_padlock.wav,AbsentCohort,3,4,1,2,441
7,ND_102.bmp,EDdragon.bmp,padlock.bmp,paddle.bmp,3,padlock.wav,7_padlock.wav,DisplayedCohort,3,4,1,2,441
8,ND_102.bmp,EDdragon.bmp,padlock.bmp,lolly.bmp,3,padlock.wav,8_padlock.wav,AbsentCohort,3,4,1,2,441
1,EDleg.bmp,robin.bmp,pasta.bmp,ND_110.bmp,3,pasta.wav,1_pasta.wav,AbsentCohort,3,2,4,1,431
2,EDleg.bmp,pasty.bmp,pasta.bmp,ND_110.bmp,3,pasta.wav,2_pasta.wav,DisplayedCohort,3,2,4,1,431
5,EDleg.bmp,robin.bmp,pasta.bmp,ND_110.bmp,3,pasta.wav,5_pasta.wav,AbsentCohort,3,2,4,1,431
6,EDleg.bmp,pasty.bmp,pasta.bmp,ND_110.bmp,3,pasta.wav,6_pasta.wav,DisplayedCohort,3,2,4,1,431
3,EDleg.bmp,robber.bmp,pasty.bmp,ND_110.bmp,3,pasty.wav,3_pasty.wav,AbsentCohort,3,2,4,1,396
4,EDleg.bmp,pasta.bmp,pasty.bmp,ND_110.bmp,3,pasty.wav,4_pasty.wav,DisplayedCohort,3,2,4,1,396
7,EDleg.bmp,robber.bmp,pasty.bmp,ND_110.bmp,3,pasty.wav,7_pasty.wav,AbsentCohort,3,2,4,1,396
8,EDleg.bmp,pasta.bmp,pasty.bmp,ND_110.bmp,3,pasty.wav,8_pasty.wav,DisplayedCohort,3,2,4,1,396
1,ND_105.bmp,penny.bmp,EDhat.bmp,pencil.bmp,4,pencil.wav,1_pencil.wav,DisplayedCohort,4,2,1,3,395
2,ND_105.bmp,sandwich.bmp,EDhat.bmp,pencil.bmp,4,pencil.wav,2_pencil.wav,AbsentCohort,4,2,1,3,395
5,ND_105.bmp,penny.bmp,EDhat.bmp,pencil.bmp,4,pencil.wav,5_pencil.wav,DisplayedCohort,4,2,1,3,395
6,ND_105.bmp,sandwich.bmp,EDhat.bmp,pencil.bmp,4,pencil.wav,6_pencil.wav,AbsentCohort,4,2,1,3,395
3,ND_105.bmp,pencil.bmp,EDhat.bmp,penny.bmp,4,penny.wav,3_penny.wav,DisplayedCohort,4,2,1,3,369
4,ND_105.bmp,sandal.bmp,EDhat.bmp,penny.bmp,4,penny.wav,4_penny.wav,AbsentCohort,4,2,1,3,369
7,ND_105.bmp,pencil.bmp,EDhat.bmp,penny.bmp,4,penny.wav,7_penny.wav,DisplayedCohort,4,2,1,3,369
8,ND_105.bmp,sandal.bmp,EDhat.bmp,penny.bmp,4,penny.wav,8_penny.wav,AbsentCohort,4,2,1,3,369
1,ND_119.bmp,robber.bmp,EDvase.bmp,carton.bmp,2,robber.wav,1_robber.wav,AbsentCohort,2,4,1,3,388
2,ND_119.bmp,robber.bmp,EDvase.bmp,robin.bmp,2,robber.wav,2_robber.wav,DisplayedCohort,2,4,1,3,388
5,ND_119.bmp,robber.bmp,EDvase.bmp,carton.bmp,2,robber.wav,5_robber.wav,AbsentCohort,2,4,1,3,388
6,ND_119.bmp,robber.bmp,EDvase.bmp,robin.bmp,2,robber.wav,6_robber.wav,DisplayedCohort,2,4,1,3,388
3,ND_119.bmp,robin.bmp,EDvase.bmp,cartoon.bmp,2,robin.wav,3_robin.wav,AbsentCohort,2,4,1,3,387
4,ND_119.bmp,robin.bmp,EDvase.bmp,robber.bmp,2,robin.wav,4_robin.wav,DisplayedCohort,2,4,1,3,387
7,ND_119.bmp,robin.bmp,EDvase.bmp,cartoon.bmp,2,robin.wav,7_robin.wav,AbsentCohort,2,4,1,3,387
8,ND_119.bmp,robin.bmp,EDvase.bmp,robber.bmp,2,robin.wav,8_robin.wav,DisplayedCohort,2,4,1,3,387
1,EDcan.bmp,sandal.bmp,sandwich.bmp,ND_103.bmp,2,sandal.wav,1_sandal.wav,DisplayedCohort,2,3,4,1,405
2,EDcan.bmp,sandal.bmp,monkey.bmp,ND_103.bmp,2,sandal.wav,2_sandal.wav,AbsentCohort,2,3,4,1,405
5,EDcan.bmp,sandal.bmp,sandwich.bmp,ND_103.bmp,2,sandal.wav,5_sandal.wav,DisplayedCohort,2,3,4,1,405
6,EDcan.bmp,sandal.bmp,monkey.bmp,ND_103.bmp,2,sandal.wav,6_sandal.wav,AbsentCohort,2,3,4,1,405
3,EDcan.bmp,sandwich.bmp,sandal.bmp,ND_103.bmp,2,sandwich.wav,3_sandwich.wav,DisplayedCohort,2,3,4,1,412
4,EDcan.bmp,sandwich.bmp,camper.bmp,ND_103.bmp,2,sandwich.wav,4_sandwich.wav,AbsentCohort,2,3,4,1,412
7,EDcan.bmp,sandwich.bmp,sandal.bmp,ND_103.bmp,2,sandwich.wav,7_sandwich.wav,DisplayedCohort,2,3,4,1,412
8,EDcaptain.bmp,sandwich.bmp,camper.bmp,ND_103.bmp,2,sandwich.wav,8_sandwich.wav,AbsentCohort,2,3,4,1,412
2,BWalien.bmp,NWaliet.bmp,ND_2.bmp,EDpoliceman.bmp,1,Talien.wav,2_Talien.wav,ConsolidatedDisplayed,1,2,3,4,489
3,NWtattefe.bmp,EDgirl.bmp,ND_28.bmp,BWalien.bmp,4,Talien.wav,3_Talien.wav,Untrained,4,1,3,2,489
4,BWalien.bmp,NWvolcagi.bmp,ND_3.bmp,EDjacket.bmp,1,Talien.wav,4_Talien.wav,Untrained,1,2,3,4,489
6,BWalien.bmp,NWaliet.bmp,EDpiano.bmp,ND_30.bmp,1,Talien.wav,6_Talien.wav,UnconsolidatedDisplayed,1,2,4,3,489
8,BWalien.bmp,NWaliet.bmp,EDpiano.bmp,ND_30.bmp,1,Talien.wav,8_Talien.wav,UnconsolidatedDisplayed,1,2,4,3,489
1,BWangel.bmp,NWangesh.bmp,EDpot.bmp,ND_25.bmp,1,Tangel.wav,1_Tangel.wav,UnconsolidatedDisplayed,1,2,4,3,498
3,BWangel.bmp,NWangesh.bmp,ND_1.bmp,EDscissors.bmp,1,Tangel.wav,3_Tangel.wav,ConsolidatedDisplayed,1,2,3,4,498
5,BWangel.bmp,NWwalnog.bmp,ND_2.bmp,EDmountain.bmp,1,Tangel.wav,5_Tangel.wav,Untrained,1,2,3,4,498
6,BWangel.bmp,NWvolcagi.bmp,EDhorn.bmp,ND_27.bmp,1,Tangel.wav,6_Tangel.wav,Untrained,1,2,4,3,498
7,BWangel.bmp,NWwalnog.bmp,ND_2.bmp,EDmountain.bmp,1,Tangel.wav,7_Tangel.wav,Untrained,1,2,3,4,498
8,BWangel.bmp,NWvolcagi.bmp,EDhorn.bmp,ND_27.bmp,1,Tangel.wav,8_Tangel.wav,Untrained,1,2,4,3,498
1,BWapricot.bmp,NWapricam.bmp,ND_1.bmp,EDscissors.bmp,1,Tapricot.wav,1_Tapricot.wav,ConsolidatedDisplayed,1,2,3,4,498
3,BWapricot.bmp,NWyogem.bmp,ND_2.bmp,EDmountain.bmp,1,Tapricot.wav,3_Tapricot.wav,Untrained,1,2,3,4,498
4,BWapricot.bmp,NWtrombal.bmp,EDhorn.bmp,ND_27.bmp,1,Tapricot.wav,4_Tapricot.wav,Untrained,1,2,4,3,498
5,BWapricot.bmp,NWapricam.bmp,EDpot.bmp,ND_25.bmp,1,Tapricot.wav,5_Tapricot.wav,UnconsolidatedDisplayed,1,2,4,3,498
7,BWapricot.bmp,NWapricam.bmp,EDpot.bmp,ND_25.bmp,1,Tapricot.wav,7_Tapricot.wav,UnconsolidatedDisplayed,1,2,4,3,498
1,BWathlete.bmp,NWwalrick.bmp,ND_2.bmp,EDmountain.bmp,1,Tathlete.wav,1_Tathlete.wav,Untrained,1,2,3,4,541
2,BWathlete.bmp,NWtissove.bmp,EDhorn.bmp,ND_27.bmp,1,Tathlete.wav,2_Tathlete.wav,Untrained,1,2,4,3,541
3,BWathlete.bmp,NWathlove.bmp,EDpot.bmp,ND_25.bmp,1,Tathlete.wav,3_Tathlete.wav,UnconsolidatedDisplayed,1,2,4,3,541
5,BWathlete.bmp,NWathlove.bmp,ND_1.bmp,EDscissors.bmp,1,Tathlete.wav,5_Tathlete.wav,ConsolidatedDisplayed,1,2,3,4,541
7,BWathlete.bmp,NWathlove.bmp,ND_1.bmp,EDscissors.bmp,1,Tathlete.wav,7_Tathlete.wav,ConsolidatedDisplayed,1,2,3,4,541
1,NWbaboop.bmp,ND_3.bmp,EDsaddle.bmp,BWbaboon.bmp,4,Tbaboon.wav,1_Tbaboon.wav,ConsolidatedDisplayed,4,1,2,3,535
3,NWtulode.bmp,ND_4.bmp,EDcorn.bmp,BWbaboon.bmp,4,Tbaboon.wav,3_Tbaboon.wav,Untrained,4,1,2,3,535
4,NWtargil.bmp,EDfly.bmp,ND_29.bmp,BWbaboon.bmp,4,Tbaboon.wav,4_Tbaboon.wav,Untrained,4,1,3,2,535
5,NWbaboop.bmp,EDnewspaper.bmp,ND_27.bmp,BWbaboon.bmp,4,Tbaboon.wav,5_Tbaboon.wav,UnconsolidatedDisplayed,4,1,3,2,535
7,NWbaboop.bmp,EDnewspaper.bmp,ND_27.bmp,BWbaboon.bmp,4,Tbaboon.wav,7_Tbaboon.wav,UnconsolidatedDisplayed,4,1,3,2,535
2,BWbadminton.bmp,NWbadminteef.bmp,EDpiano.bmp,ND_26.bmp,1,Tbadminton.wav,2_Tbadminton.wav,UnconsolidatedDisplayed,1,2,4,3,426
4,BWbadminton.bmp,NWbadminteef.bmp,ND_2.bmp,EDpoliceman.bmp,1,Tbadminton.wav,4_Tbadminton.wav,ConsolidatedDisplayed,1,2,3,4,426
5,NWtulode.bmp,EDgirl.bmp,ND_28.bmp,BWbadminton.bmp,4,Tbadminton.wav,5_Tbadminton.wav,Untrained,4,1,3,2,426
6,BWbadminton.bmp,NWtissove.bmp,ND_3.bmp,EDjacket.bmp,1,Tbadminton.wav,6_Tbadminton.wav,Untrained,1,2,3,4,426
7,NWtulode.bmp,EDgirl.bmp,ND_28.bmp,BWbadminton.bmp,4,Tbadminton.wav,7_Tbadminton.wav,Untrained,4,1,3,2,426
8,BWbadminton.bmp,NWtissove.bmp,ND_3.bmp,EDjacket.bmp,1,Tbadminton.wav,8_Tbadminton.wav,Untrained,1,2,3,4,426
1,NWsquirrome.bmp,EDgirl.bmp,ND_28.bmp,BWbalcony.bmp,4,Tbalcony.wav,1_Tbalcony.wav,Untrained,4,1,3,2,483
2,BWbalcony.bmp,NWtrombal.bmp,ND_3.bmp,EDjacket.bmp,1,Tbalcony.wav,2_Tbalcony.wav,Untrained,1,2,3,4,483
4,BWbalcony.bmp,NWbalcozo.bmp,EDpiano.bmp,ND_26.bmp,1,Tbalcony.wav,4_Tbalcony.wav,UnconsolidatedDisplayed,1,2,4,3,483
6,BWbalcony.bmp,NWbalcozo.bmp,ND_2.bmp,EDpoliceman.bmp,1,Tbalcony.wav,6_Tbalcony.wav,ConsolidatedDisplayed,1,2,3,4,483
8,BWbalcony.bmp,NWbalcozo.bmp,ND_2.bmp,EDpoliceman.bmp,1,Tbalcony.wav,8_Tbalcony.wav,ConsolidatedDisplayed,1,2,3,4,483
2,NWbikinar.bmp,ND_4.bmp,EDpen.bmp,BWbikini.bmp,4,Tbikini.wav,2_Tbikini.wav,ConsolidatedDisplayed,4,1,2,3,518
3,EDcash.bmp,ND_30.bmp,BWbikini.bmp,NWsomersaumf.bmp,3,Tbikini.wav,3_Tbikini.wav,Untrained,3,4,2,1,518
4,NWtornadus.bmp,ND_5.bmp,EDgirl.bmp,BWbikini.bmp,4,Tbikini.wav,4_Tbikini.wav,Untrained,4,1,2,3,518
6,NWbikinar.bmp,EDmitten.bmp,ND_28.bmp,BWbikini.bmp,4,Tbikini.wav,6_Tbikini.wav,UnconsolidatedDisplayed,4,1,3,2,518
8,NWbikinar.bmp,EDmitten.bmp,ND_28.bmp,BWbikini.bmp,4,Tbikini.wav,8_Tbikini.wav,UnconsolidatedDisplayed,4,1,3,2,518
1,NWbiscal.bmp,EDnewspaper.bmp,ND_39.bmp,BWbiscuit.bmp,4,Tbiscuit.wav,1_Tbiscuit.wav,UnconsolidatedDisplayed,4,1,3,2,451
3,NWbiscal.bmp,ND_3.bmp,EDsaddle.bmp,BWbiscuit.bmp,4,Tbiscuit.wav,3_Tbiscuit.wav,ConsolidatedDisplayed,4,1,2,3,451
5,NWsquirrome.bmp,ND_4.bmp,EDcorn.bmp,BWbiscuit.bmp,4,Tbiscuit.wav,5_Tbiscuit.wav,Untrained,4,1,2,3,451
6,NWtornadus.bmp,EDfly.bmp,ND_29.bmp,BWbiscuit.bmp,4,Tbiscuit.wav,6_Tbiscuit.wav,Untrained,4,1,3,2,451
7,NWsquirrome.bmp,ND_4.bmp,EDcorn.bmp,BWbiscuit.bmp,4,Tbiscuit.wav,7_Tbiscuit.wav,Untrained,4,1,2,3,451
8,NWtornadus.bmp,EDfly.bmp,ND_29.bmp,BWbiscuit.bmp,4,Tbiscuit.wav,8_Tbiscuit.wav,Untrained,4,1,3,2,451
1,NWtattefe.bmp,ND_4.bmp,EDcorn.bmp,BWblossom.bmp,4,Tblossom.wav,1_Tblossom.wav,Untrained,4,1,2,3,532
2,NWskeledu.bmp,EDfly.bmp,ND_29.bmp,BWblossom.bmp,4,Tblossom.wav,2_Tblossom.wav,Untrained,4,1,3,2,532
3,NWblossail.bmp,EDnewspaper.bmp,ND_27.bmp,BWblossom.bmp,4,Tblossom.wav,3_Tblossom.wav,UnconsolidatedDisplayed,4,1,3,2,532
5,NWblossail.bmp,ND_3.bmp,EDsaddle.bmp,BWblossom.bmp,4,Tblossom.wav,5_Tblossom.wav,ConsolidatedDisplayed,4,1,2,3,532
7,NWblossail.bmp,ND_3.bmp,EDsaddle.bmp,BWblossom.bmp,4,Tblossom.wav,7_Tblossom.wav,ConsolidatedDisplayed,4,1,2,3,532
1,ND_5.bmp,EDmagnet.bmp,BWbracelet.bmp,NWbracelop.bmp,3,Tbracelet.wav,1_Tbracelet.wav,ConsolidatedDisplayed,3,4,1,2,468
3,ND_6.bmp,EDfly.bmp,BWbracelet.bmp,NWspidet.bmp,3,Tbracelet.wav,3_Tbracelet.wav,Untrained,3,4,1,2,468
4,EDcorn.bmp,ND_31.bmp,BWbracelet.bmp,NWsignatik.bmp,3,Tbracelet.wav,4_Tbracelet.wav,Untrained,3,4,2,1,468
5,EDiron.bmp,ND_29.bmp,BWbracelet.bmp,NWbracelop.bmp,3,Tbracelet.wav,5_Tbracelet.wav,UnconsolidatedDisplayed,3,4,2,1,468
7,EDiron.bmp,ND_29.bmp,BWbracelet.bmp,NWbracelop.bmp,3,Tbracelet.wav,7_Tbracelet.wav,UnconsolidatedDisplayed,3,4,2,1,468
2,NWbrambo.bmp,EDmitten.bmp,ND_28.bmp,BWbramble.bmp,4,Tbramble.wav,2_Tbramble.wav,UnconsolidatedDisplayed,4,1,3,2,433
4,NWbrambo.bmp,ND_4.bmp,EDpen.bmp,BWbramble.bmp,4,Tbramble.wav,4_Tbramble.wav,ConsolidatedDisplayed,4,1,2,3,433
5,EDcash.bmp,ND_30.bmp,BWbramble.bmp,NWspidet.bmp,3,Tbramble.wav,5_Tbramble.wav,Untrained,3,4,2,1,433
6,NWskeledu.bmp,ND_5.bmp,EDgirl.bmp,BWbramble.bmp,4,Tbramble.wav,6_Tbramble.wav,Untrained,4,1,2,3,433
7,EDcash.bmp,ND_30.bmp,BWbramble.bmp,NWspidet.bmp,3,Tbramble.wav,7_Tbramble.wav,Untrained,3,4,2,1,433
8,NWskeledu.bmp,ND_5.bmp,EDgirl.bmp,BWbramble.bmp,4,Tbramble.wav,8_Tbramble.wav,Untrained,4,1,2,3,433
1,EDcash.bmp,ND_30.bmp,BWbreakfast.bmp,NWrugbock.bmp,3,Tbreakfast.wav,1_Tbreakfast.wav,Untrained,3,4,2,1,433
2,NWtargil.bmp,ND_5.bmp,EDgirl.bmp,BWbreakfast.bmp,4,Tbreakfast.wav,2_Tbreakfast.wav,Untrained,4,1,2,3,433
4,NWbreakfal.bmp,EDmitten.bmp,ND_28.bmp,BWbreakfast.bmp,4,Tbreakfast.wav,4_Tbreakfast.wav,UnconsolidatedDisplayed,4,1,3,2,433
6,NWbreakfal.bmp,ND_4.bmp,EDpen.bmp,BWbreakfast.bmp,4,Tbreakfast.wav,6_Tbreakfast.wav,ConsolidatedDisplayed,4,1,2,3,433
8,NWbreakfal.bmp,ND_4.bmp,EDpen.bmp,BWbreakfast.bmp,4,Tbreakfast.wav,8_Tbreakfast.wav,ConsolidatedDisplayed,4,1,2,3,433
1,EDiron.bmp,ND_29.bmp,BWbroccoli.bmp,NWbroccaroo.bmp,3,Tbroccoli.wav,1_Tbroccoli.wav,UnconsolidatedDisplayed,3,4,2,1,416
3,ND_5.bmp,EDmagnet.bmp,BWbroccoli.bmp,NWbroccaroo.bmp,3,Tbroccoli.wav,3_Tbroccoli.wav,ConsolidatedDisplayed,3,4,1,2,416
5,ND_6.bmp,EDfly.bmp,BWbroccoli.bmp,NWrugbock.bmp,3,Tbroccoli.wav,5_Tbroccoli.wav,Untrained,3,4,1,2,416
6,EDcorn.bmp,ND_31.bmp,BWbroccoli.bmp,NWsiredge.bmp,3,Tbroccoli.wav,6_Tbroccoli.wav,Untrained,3,4,2,1,416
7,ND_6.bmp,EDfly.bmp,BWbroccoli.bmp,NWrugbock.bmp,3,Tbroccoli.wav,7_Tbroccoli.wav,Untrained,3,4,1,2,416
8,EDcorn.bmp,ND_31.bmp,BWbroccoli.bmp,NWsiredge.bmp,3,Tbroccoli.wav,8_Tbroccoli.wav,Untrained,3,4,2,1,416
1,ND_6.bmp,EDfly.bmp,BWbuffalo.bmp,NWsomersaumf.bmp,3,Tbuffalo.wav,1_Tbuffalo.wav,Untrained,3,4,1,2,562
2,EDcorn.bmp,ND_31.bmp,BWbuffalo.bmp,NWpumpkige.bmp,3,Tbuffalo.wav,2_Tbuffalo.wav,Untrained,3,4,2,1,562
3,EDiron.bmp,ND_29.bmp,BWbuffalo.bmp,NWbuffaluk.bmp,3,Tbuffalo.wav,3_Tbuffalo.wav,UnconsolidatedDisplayed,3,4,2,1,562
5,ND_5.bmp,EDmagnet.bmp,BWbuffalo.bmp,NWbuffaluk.bmp,3,Tbuffalo.wav,5_Tbuffalo.wav,ConsolidatedDisplayed,3,4,1,2,562
7,ND_5.bmp,EDmagnet.bmp,BWbuffalo.bmp,NWbuffaluk.bmp,3,Tbuffalo.wav,7_Tbuffalo.wav,ConsolidatedDisplayed,3,4,1,2,562
2,ND_6.bmp,EDhouse.bmp,BWcactus.bmp,NWcactul.bmp,3,Tcactus.wav,2_Tcactus.wav,ConsolidatedDisplayed,3,4,1,2,436
3,ND_32.bmp,BWcactus.bmp,NWsergeast.bmp,EDdoor.bmp,2,Tcactus.wav,3_Tcactus.wav,Untrained,2,3,1,4,436
4,ND_7.bmp,EDdoor.bmp,BWcactus.bmp,NWsiredge.bmp,3,Tcactus.wav,4_Tcactus.wav,Untrained,3,4,1,2,436
6,EDhood.bmp,ND_26.bmp,BWcactus.bmp,NWcactul.bmp,3,Tcactus.wav,6_Tcactus.wav,UnconsolidatedDisplayed,3,4,2,1,436
8,EDhood.bmp,ND_26.bmp,BWcactus.bmp,NWcactul.bmp,3,Tcactus.wav,8_Tcactus.wav,UnconsolidatedDisplayed,3,4,2,1,436
1,EDnet.bmp,BWcaramel.bmp,NWcaramen.bmp,ND_7.bmp,2,Tcaramel.wav,1_Tcaramel.wav,ConsolidatedDisplayed,2,3,4,1,452
3,EDhorn.bmp,BWcaramel.bmp,NWreptite.bmp,ND_8.bmp,2,Tcaramel.wav,3_Tcaramel.wav,Untrained,2,3,4,1,452
4,ND_33.bmp,BWcaramel.bmp,NWpyramon.bmp,EDchildren.bmp,2,Tcaramel.wav,4_Tcaramel.wav,Untrained,2,3,1,4,452
5,ND_31.bmp,BWcaramel.bmp,NWcaramen.bmp,EDdoctor.bmp,2,Tcaramel.wav,5_Tcaramel.wav,UnconsolidatedDisplayed,2,3,1,4,452
7,ND_31.bmp,BWcaramel.bmp,NWcaramen.bmp,EDdoctor.bmp,2,Tcaramel.wav,7_Tcaramel.wav,UnconsolidatedDisplayed,2,3,1,4,452
2,EDhood.bmp,ND_30.bmp,BWcaravan.bmp,NWcaravat.bmp,3,Tcaravan.wav,2_Tcaravan.wav,UnconsolidatedDisplayed,3,4,2,1,492
4,ND_6.bmp,EDhouse.bmp,BWcaravan.bmp,NWcaravat.bmp,3,Tcaravan.wav,4_Tcaravan.wav,ConsolidatedDisplayed,3,4,1,2,492
5,ND_32.bmp,BWcaravan.bmp,NWreptite.bmp,EDdoor.bmp,2,Tcaravan.wav,5_Tcaravan.wav,Untrained,2,3,1,4,492
6,ND_7.bmp,EDdoor.bmp,BWcaravan.bmp,NWpumpkige.bmp,3,Tcaravan.wav,6_Tcaravan.wav,Untrained,3,4,1,2,492
7,ND_32.bmp,BWcaravan.bmp,NWreptite.bmp,EDdoor.bmp,2,Tcaravan.wav,7_Tcaravan.wav,Untrained,2,3,1,4,492
8,ND_7.bmp,EDdoor.bmp,BWcaravan.bmp,NWpumpkige.bmp,3,Tcaravan.wav,8_Tcaravan.wav,Untrained,3,4,1,2,492
1,ND_32.bmp,BWcardigan.bmp,NWpotatuck.bmp,EDdoor.bmp,2,Tcardigan.wav,1_Tcardigan.wav,Untrained,2,3,1,4,491
2,ND_7.bmp,EDdoor.bmp,BWcardigan.bmp,NWsignatik.bmp,3,Tcardigan.wav,2_Tcardigan.wav,Untrained,3,4,1,2,491
4,EDhood.bmp,ND_30.bmp,BWcardigan.bmp,NWcardigite.bmp,3,Tcardigan.wav,4_Tcardigan.wav,UnconsolidatedDisplayed,3,4,2,1,491
6,ND_6.bmp,EDhouse.bmp,BWcardigan.bmp,NWcardigite.bmp,3,Tcardigan.wav,6_Tcardigan.wav,ConsolidatedDisplayed,3,4,1,2,491
8,ND_6.bmp,EDhouse.bmp,BWcardigan.bmp,NWcardigite.bmp,3,Tcardigan.wav,8_Tcardigan.wav,ConsolidatedDisplayed,3,4,1,2,491
2,EDheart.bmp,BWchimpanzee.bmp,NWchimpantu.bmp,ND_8.bmp,2,Tchimpanzee.wav,2_Tchimpanzee.wav,ConsolidatedDisplayed,2,3,4,1,499
3,BWchimpanzee.bmp,EDtractor.bmp,NWpengwove.bmp,ND_34.bmp,1,Tchimpanzee.wav,3_Tchimpanzee.wav,Untrained,1,3,4,2,499
4,EDplane.bmp,BWchimpanzee.bmp,NWpicnin.bmp,ND_9.bmp,2,Tchimpanzee.wav,4_Tchimpanzee.wav,Untrained,2,3,4,1,499
6,ND_32.bmp,BWchimpanzee.bmp,NWchimpantu.bmp,EDgarden.bmp,2,Tchimpanzee.wav,6_Tchimpanzee.wav,UnconsolidatedDisplayed,2,3,1,4,499
8,ND_32.bmp,BWchimpanzee.bmp,NWchimpantu.bmp,EDgarden.bmp,2,Tchimpanzee.wav,8_Tchimpanzee.wav,UnconsolidatedDisplayed,2,3,1,4,499
1,ND_31.bmp,BWchocolate.bmp,NWchocolor.bmp,EDdoctor.bmp,2,Tchocolate.wav,1_Tchocolate.wav,UnconsolidatedDisplayed,2,3,1,4,443
3,EDnet.bmp,BWchocolate.bmp,NWchocolor.bmp,ND_7.bmp,2,Tchocolate.wav,3_Tchocolate.wav,ConsolidatedDisplayed,2,3,4,1,443
5,EDhorn.bmp,BWchocolate.bmp,NWpotatuck.bmp,ND_8.bmp,2,Tchocolate.wav,5_Tchocolate.wav,Untrained,2,3,4,1,443
6,ND_33.bmp,BWchocolate.bmp,NWpicnin.bmp,EDfootball.bmp,2,Tchocolate.wav,6_Tchocolate.wav,Untrained,2,3,1,4,443
7,EDhorn.bmp,BWchocolate.bmp,NWpotatuck.bmp,ND_8.bmp,2,Tchocolate.wav,7_Tchocolate.wav,Untrained,2,3,4,1,443
8,ND_33.bmp,BWchocolate.bmp,NWpicnin.bmp,EDfootball.bmp,2,Tchocolate.wav,8_Tchocolate.wav,Untrained,2,3,1,4,443
1,EDhorn.bmp,BWclarinet.bmp,NWsergeast.bmp,ND_8.bmp,2,Tclarinet.wav,1_Tclarinet.wav,Untrained,2,3,4,1,429
2,ND_33.bmp,BWclarinet.bmp,NWparafe.bmp,EDchildren.bmp,2,Tclarinet.wav,2_Tclarinet.wav,Untrained,2,3,1,4,429
3,ND_31.bmp,BWclarinet.bmp,NWclarinone.bmp,EDdoctor.bmp,2,Tclarinet.wav,3_Tclarinet.wav,UnconsolidatedDisplayed,2,3,1,4,429
5,EDnet.bmp,BWclarinet.bmp,NWclarinone.bmp,ND_7.bmp,2,Tclarinet.wav,5_Tclarinet.wav,ConsolidatedDisplayed,2,3,4,1,429
7,EDnet.bmp,BWclarinet.bmp,NWclarinone.bmp,ND_7.bmp,2,Tclarinet.wav,7_Tclarinet.wav,ConsolidatedDisplayed,2,3,4,1,429
2,ND_32.bmp,BWcostume.bmp,NWcostuke.bmp,EDgarden.bmp,2,Tcostume.wav,2_Tcostume.wav,UnconsolidatedDisplayed,2,3,1,4,458
4,EDheart.bmp,BWcostume.bmp,NWcostuke.bmp,ND_8.bmp,2,Tcostume.wav,4_Tcostume.wav,ConsolidatedDisplayed,2,3,4,1,458
5,BWcostume.bmp,EDtractor.bmp,NWparsnin.bmp,ND_34.bmp,1,Tcostume.wav,5_Tcostume.wav,Untrained,1,3,4,2,458
6,EDplane.bmp,BWcostume.bmp,NWparafe.bmp,ND_9.bmp,2,Tcostume.wav,6_Tcostume.wav,Untrained,2,3,4,1,458
7,BWcostume.bmp,EDtractor.bmp,NWparsnin.bmp,ND_34.bmp,1,Tcostume.wav,7_Tcostume.wav,Untrained,1,3,4,2,458
8,EDplane.bmp,BWcostume.bmp,NWparafe.bmp,ND_9.bmp,2,Tcostume.wav,8_Tcostume.wav,Untrained,2,3,4,1,458
1,BWcrocodile.bmp,EDtractor.bmp,NWornameld.bmp,ND_34.bmp,1,Tcrocodile.wav,1_Tcrocodile.wav,Untrained,1,3,4,2,443
2,EDplane.bmp,BWcrocodile.bmp,NWnuggev.bmp,ND_9.bmp,2,Tcrocodile.wav,2_Tcrocodile.wav,Untrained,2,3,4,1,443
4,ND_32.bmp,BWcrocodile.bmp,NWcrocodol.bmp,EDgarden.bmp,2,Tcrocodile.wav,4_Tcrocodile.wav,UnconsolidatedDisplayed,2,3,1,4,443
6,EDheart.bmp,BWcrocodile.bmp,NWcrocodol.bmp,ND_8.bmp,2,Tcrocodile.wav,6_Tcrocodile.wav,ConsolidatedDisplayed,2,3,4,1,443
8,EDheart.bmp,BWcrocodile.bmp,NWcrocodol.bmp,ND_8.bmp,2,Tcrocodile.wav,8_Tcrocodile.wav,ConsolidatedDisplayed,2,3,4,1,443
2,BWdaffodil.bmp,EDboat.bmp,NWdaffodote.bmp,ND_34.bmp,1,Tdaffodil.wav,2_Tdaffodil.wav,UnconsolidatedDisplayed,1,3,4,2,432
4,BWdaffodil.bmp,ND_10.bmp,NWdaffodote.bmp,EDring.bmp,1,Tdaffodil.wav,4_Tdaffodil.wav,ConsolidatedDisplayed,1,3,2,4,432
5,EDgutter.bmp,NWoctopum.bmp,ND_36.bmp,BWdaffodil.bmp,4,Tdaffodil.wav,5_Tdaffodil.wav,Untrained,4,2,3,1,432
6,BWdaffodil.bmp,ND_11.bmp,NWnapkig.bmp,EDcotton.bmp,1,Tdaffodil.wav,6_Tdaffodil.wav,Untrained,1,3,2,4,432
7,EDgutter.bmp,NWoctopum.bmp,ND_36.bmp,BWdaffodil.bmp,4,Tdaffodil.wav,7_Tdaffodil.wav,Untrained,4,2,3,1,432
8,BWdaffodil.bmp,ND_11.bmp,NWnapkig.bmp,EDcotton.bmp,1,Tdaffodil.wav,8_Tdaffodil.wav,Untrained,1,3,2,4,432
1,BWdinosaur.bmp,EDflag.bmp,NWdinosut.bmp,ND_33.bmp,1,Tdinosaur.wav,1_Tdinosaur.wav,UnconsolidatedDisplayed,1,3,4,2,411
3,BWdinosaur.bmp,ND_9.bmp,NWdinosut.bmp,EDenvelope.bmp,1,Tdinosaur.wav,3_Tdinosaur.wav,ConsolidatedDisplayed,1,3,2,4,411
5,BWdinosaur.bmp,ND_10.bmp,NWornameld.bmp,EDchildren.bmp,1,Tdinosaur.wav,5_Tdinosaur.wav,Untrained,1,3,2,4,411
6,BWdinosaur.bmp,EDchildren.bmp,NWparasheff.bmp,ND_35.bmp,1,Tdinosaur.wav,6_Tdinosaur.wav,Untrained,1,3,4,2,411
7,BWdinosaur.bmp,ND_10.bmp,NWornameld.bmp,EDchildren.bmp,1,Tdinosaur.wav,7_Tdinosaur.wav,Untrained,1,3,2,4,411
8,BWdinosaur.bmp,EDchildren.bmp,NWparasheff.bmp,ND_35.bmp,1,Tdinosaur.wav,8_Tdinosaur.wav,Untrained,1,3,4,2,411
2,BWdolphin.bmp,ND_10.bmp,NWdolphik.bmp,EDring.bmp,1,Tdolphin.wav,2_Tdolphin.wav,ConsolidatedDisplayed,1,3,2,4,509
3,EDgutter.bmp,NWoniot.bmp,ND_36.bmp,BWdolphin.bmp,4,Tdolphin.wav,3_Tdolphin.wav,Untrained,4,2,3,1,509
4,BWdolphin.bmp,ND_11.bmp,NWparasheff.bmp,EDcotton.bmp,1,Tdolphin.wav,4_Tdolphin.wav,Untrained,1,3,2,4,509
6,BWdolphin.bmp,EDcherry.bmp,NWdolphik.bmp,ND_34.bmp,1,Tdolphin.wav,6_Tdolphin.wav,UnconsolidatedDisplayed,1,3,4,2,509
8,BWdolphin.bmp,EDcherry.bmp,NWdolphik.bmp,ND_34.bmp,1,Tdolphin.wav,8_Tdolphin.wav,UnconsolidatedDisplayed,1,3,4,2,509
1,BWdonkey.bmp,ND_9.bmp,NWdonkop.bmp,EDenvelope.bmp,1,Tdonkey.wav,1_Tdonkey.wav,ConsolidatedDisplayed,1,3,2,4,471
3,BWdonkey.bmp,ND_10.bmp,NWparsnin.bmp,EDchildren.bmp,1,Tdonkey.wav,3_Tdonkey.wav,Untrained,1,3,2,4,471
4,BWdonkey.bmp,EDfootball.bmp,NWpelical.bmp,ND_35.bmp,1,Tdonkey.wav,4_Tdonkey.wav,Untrained,1,3,4,2,471
5,BWdonkey.bmp,EDflag.bmp,NWdonkop.bmp,ND_33.bmp,1,Tdonkey.wav,5_Tdonkey.wav,UnconsolidatedDisplayed,1,3,4,2,471
7,BWdonkey.bmp,EDflag.bmp,NWdonkop.bmp,ND_33.bmp,1,Tdonkey.wav,7_Tdonkey.wav,UnconsolidatedDisplayed,1,3,4,2,471
1,BWdungeon.bmp,ND_10.bmp,NWpengwove.bmp,EDchildren.bmp,1,Tdungeon.wav,1_Tdungeon.wav,Untrained,1,3,2,4,494
2,BWdungeon.bmp,EDfootball.bmp,NWnapkig.bmp,ND_35.bmp,1,Tdungeon.wav,2_Tdungeon.wav,Untrained,1,3,4,2,494
3,BWdungeon.bmp,EDflag.bmp,NWdungeoth.bmp,ND_33.bmp,1,Tdungeon.wav,3_Tdungeon.wav,UnconsolidatedDisplayed,1,3,4,2,494
5,BWdungeon.bmp,ND_9.bmp,NWdungeoth.bmp,EDenvelope.bmp,1,Tdungeon.wav,5_Tdungeon.wav,ConsolidatedDisplayed,1,3,2,4,494
7,BWdungeon.bmp,ND_9.bmp,NWdungeoth.bmp,EDenvelope.bmp,1,Tdungeon.wav,7_Tdungeon.wav,ConsolidatedDisplayed,1,3,2,4,494
1,EDgutter.bmp,NWmayonnote.bmp,ND_38.bmp,BWflamingo.bmp,4,Tflamingo.wav,1_Tflamingo.wav,Untrained,4,2,3,1,526
2,BWflamingo.bmp,ND_11.bmp,NWpelical.bmp,EDcotton.bmp,1,Tflamingo.wav,2_Tflamingo.wav,Untrained,1,3,2,4,526
4,BWflamingo.bmp,EDboat.bmp,NWflamingist.bmp,ND_34.bmp,1,Tflamingo.wav,4_Tflamingo.wav,UnconsolidatedDisplayed,1,3,4,2,526
6,BWflamingo.bmp,ND_10.bmp,NWflamingist.bmp,EDpeg.bmp,1,Tflamingo.wav,6_Tflamingo.wav,ConsolidatedDisplayed,1,3,2,4,526
8,BWflamingo.bmp,ND_10.bmp,NWflamingist.bmp,EDpeg.bmp,1,Tflamingo.wav,8_Tflamingo.wav,ConsolidatedDisplayed,1,3,2,4,526
1,ND_11.bmp,NWfountel.bmp,EDplaster.bmp,BWfountain.bmp,4,Tfountain.wav,1_Tfountain.wav,ConsolidatedDisplayed,4,2,1,3,429
3,ND_12.bmp,NWoctopum.bmp,EDhorse.bmp,BWfountain.bmp,4,Tfountain.wav,3_Tfountain.wav,Untrained,4,2,1,3,429
4,EDhorse.bmp,NWnuggev.bmp,ND_37.bmp,BWfountain.bmp,4,Tfountain.wav,4_Tfountain.wav,Untrained,4,2,3,1,429
5,EDcarrot.bmp,NWfountel.bmp,ND_35.bmp,BWfountain.bmp,4,Tfountain.wav,5_Tfountain.wav,UnconsolidatedDisplayed,4,2,3,1,429
7,EDcarrot.bmp,NWfountel.bmp,ND_35.bmp,BWfountain.bmp,4,Tfountain.wav,7_Tfountain.wav,UnconsolidatedDisplayed,4,2,3,1,429
1,EDcarrot.bmp,NWgadgel.bmp,ND_35.bmp,BWgadget.bmp,4,Tgadget.wav,1_Tgadget.wav,UnconsolidatedDisplayed,4,2,3,1,509
3,ND_11.bmp,NWgadgel.bmp,EDplaster.bmp,BWgadget.bmp,4,Tgadget.wav,3_Tgadget.wav,ConsolidatedDisplayed,4,2,1,3,509
5,ND_12.bmp,NWmayonnote.bmp,EDfootball.bmp,BWgadget.bmp,4,Tgadget.wav,5_Tgadget.wav,Untrained,4,2,1,3,509
6,EDhorse.bmp,NWmushrood.bmp,ND_37.bmp,BWgadget.bmp,4,Tgadget.wav,6_Tgadget.wav,Untrained,4,2,3,1,509
7,ND_12.bmp,NWmayonnote.bmp,EDfootball.bmp,BWgadget.bmp,4,Tgadget.wav,7_Tgadget.wav,Untrained,4,2,1,3,509
8,EDhorse.bmp,NWmushrood.bmp,ND_37.bmp,BWgadget.bmp,4,Tgadget.wav,8_Tgadget.wav,Untrained,4,2,3,1,509
2,ND_12.bmp,NWgraffino.bmp,EDpeg.bmp,BWgraffiti.bmp,4,Tgraffiti.wav,2_Tgraffiti.wav,ConsolidatedDisplayed,4,2,1,3,450
3,NWmermiff.bmp,ND_38.bmp,BWgraffiti.bmp,EDpeach.bmp,3,Tgraffiti.wav,3_Tgraffiti.wav,Untrained,3,1,2,4,450
4,ND_13.bmp,NWmushrood.bmp,EDpeach.bmp,BWgraffiti.bmp,4,Tgraffiti.wav,4_Tgraffiti.wav,Untrained,4,2,1,3,450
6,EDboat.bmp,NWgraffino.bmp,ND_36.bmp,BWgraffiti.bmp,4,Tgraffiti.wav,6_Tgraffiti.wav,UnconsolidatedDisplayed,4,2,3,1,450
8,EDboat.bmp,NWgraffino.bmp,ND_36.bmp,BWgraffiti.bmp,4,Tgraffiti.wav,8_Tgraffiti.wav,UnconsolidatedDisplayed,4,2,3,1,450
1,ND_12.bmp,NWoniot.bmp,EDfootball.bmp,BWguitar.bmp,4,Tguitar.wav,1_Tguitar.wav,Untrained,4,2,1,3,478
2,EDhorse.bmp,NWlantobe.bmp,ND_37.bmp,BWguitar.bmp,4,Tguitar.wav,2_Tguitar.wav,Untrained,4,2,3,1,478
3,EDcarrot.bmp,NWguitas.bmp,ND_35.bmp,BWguitar.bmp,4,Tguitar.wav,3_Tguitar.wav,UnconsolidatedDisplayed,4,2,3,1,478
5,ND_11.bmp,NWguitas.bmp,EDplaster.bmp,BWguitar.bmp,4,Tguitar.wav,5_Tguitar.wav,ConsolidatedDisplayed,4,2,1,3,478
7,ND_11.bmp,NWguitas.bmp,EDplaster.bmp,BWguitar.bmp,4,Tguitar.wav,7_Tguitar.wav,ConsolidatedDisplayed,4,2,1,3,478
1,NWgraffino.bmp,ND_38.bmp,BWkangaroo.bmp,EDpeach.bmp,3,Tkangaroo.wav,1_Tkangaroo.wav,Untrained,3,1,2,4,541
2,ND_13.bmp,NWpyramon.bmp,EDgutter.bmp,BWkangaroo.bmp,4,Tkangaroo.wav,2_Tkangaroo.wav,Untrained,4,2,1,3,541
4,EDcherry.bmp,NWkangami.bmp,ND_36.bmp,BWkangaroo.bmp,4,Tkangaroo.wav,4_Tkangaroo.wav,UnconsolidatedDisplayed,4,2,3,1,541
6,ND_12.bmp,NWkangami.bmp,EDring.bmp,BWkangaroo.bmp,4,Tkangaroo.wav,6_Tkangaroo.wav,ConsolidatedDisplayed,4,2,1,3,541
8,ND_12.bmp,NWkangami.bmp,EDring.bmp,BWkangaroo.bmp,4,Tkangaroo.wav,8_Tkangaroo.wav,ConsolidatedDisplayed,4,2,1,3,541
1,NWlantobe.bmp,EDhorseshoe.bmp,BWlantern.bmp,ND_13.bmp,3,Tlantern.wav,1_Tlantern.wav,ConsolidatedDisplayed,3,1,4,2,425
3,NWkangami.bmp,EDtap.bmp,BWlantern.bmp,ND_14.bmp,3,Tlantern.wav,3_Tlantern.wav,Untrained,3,1,4,2,425
4,NWgadgel.bmp,ND_39.bmp,BWlantern.bmp,EDsun.bmp,3,Tlantern.wav,4_Tlantern.wav,Untrained,3,1,2,4,425
5,NWlantobe.bmp,ND_37.bmp,BWlantern.bmp,EDhook.bmp,3,Tlantern.wav,5_Tlantern.wav,UnconsolidatedDisplayed,3,1,2,4,425
7,NWlantobe.bmp,ND_37.bmp,BWlantern.bmp,EDhook.bmp,3,Tlantern.wav,7_Tlantern.wav,UnconsolidatedDisplayed,3,1,2,4,425
2,NWmayonnote.bmp,EDhammer.bmp,BWmayonnaise.bmp,ND_14.bmp,3,Tmayonnaise.wav,2_Tmayonnaise.wav,ConsolidatedDisplayed,3,1,4,2,431
3,ND_40.bmp,BWmayonnaise.bmp,NWdaffodote.bmp,EDplane.bmp,2,Tmayonnaise.wav,3_Tmayonnaise.wav,Untrained,2,3,1,4,431
4,NWguitas.bmp,EDkettle.bmp,BWmayonnaise.bmp,ND_15.bmp,3,Tmayonnaise.wav,4_Tmayonnaise.wav,Untrained,3,1,4,2,431
6,NWmayonnote.bmp,ND_38.bmp,BWmayonnaise.bmp,EDshaker.bmp,3,Tmayonnaise.wav,6_Tmayonnaise.wav,UnconsolidatedDisplayed,3,1,2,4,431
8,NWmayonnote.bmp,ND_38.bmp,BWmayonnaise.bmp,EDshaker.bmp,3,Tmayonnaise.wav,8_Tmayonnaise.wav,UnconsolidatedDisplayed,3,1,2,4,431
2,EDcherry.bmp,NWmermiff.bmp,ND_36.bmp,BWmermaid.bmp,4,Tmermaid.wav,2_Tmermaid.wav,UnconsolidatedDisplayed,4,2,3,1,499
4,ND_12.bmp,NWmermiff.bmp,EDpeg.bmp,BWmermaid.bmp,4,Tmermaid.wav,4_Tmermaid.wav,ConsolidatedDisplayed,4,2,1,3,499
5,NWkangami.bmp,ND_38.bmp,BWmermaid.bmp,EDpeach.bmp,3,Tmermaid.wav,5_Tmermaid.wav,Untrained,3,1,2,4,499
6,ND_13.bmp,NWlantobe.bmp,EDgutter.bmp,BWmermaid.bmp,4,Tmermaid.wav,6_Tmermaid.wav,Untrained,4,2,1,3,499
7,NWkangami.bmp,ND_38.bmp,BWmermaid.bmp,EDpeach.bmp,3,Tmermaid.wav,7_Tmermaid.wav,Untrained,3,1,2,4,499
8,ND_13.bmp,NWlantobe.bmp,EDgutter.bmp,BWmermaid.bmp,4,Tmermaid.wav,8_Tmermaid.wav,Untrained,4,2,1,3,499
1,NWmermiff.bmp,EDhorse.bmp,BWmushroom.bmp,ND_22.bmp,3,Tmushroom.wav,1_Tmushroom.wav,Untrained,3,1,4,2,523
2,NWfountel.bmp,ND_39.bmp,BWmushroom.bmp,EDsun.bmp,3,Tmushroom.wav,2_Tmushroom.wav,Untrained,3,1,2,4,523
3,NWmushrood.bmp,ND_37.bmp,BWmushroom.bmp,EDhook.bmp,3,Tmushroom.wav,3_Tmushroom.wav,UnconsolidatedDisplayed,3,1,2,4,523
5,NWmushrood.bmp,EDhorseshoe.bmp,BWmushroom.bmp,ND_13.bmp,3,Tmushroom.wav,5_Tmushroom.wav,ConsolidatedDisplayed,3,1,4,2,523
7,NWmushrood.bmp,EDhorseshoe.bmp,BWmushroom.bmp,ND_13.bmp,3,Tmushroom.wav,7_Tmushroom.wav,ConsolidatedDisplayed,3,1,4,2,523
1,EDfox.bmp,BWnapkin.bmp,ND_15.bmp,NWnapkig.bmp,2,Tnapkin.wav,1_Tnapkin.wav,ConsolidatedDisplayed,2,4,3,1,552
3,EDmouse.bmp,BWnapkin.bmp,ND_16.bmp,NWflamingist.bmp,2,Tnapkin.wav,3_Tnapkin.wav,Untrained,2,4,3,1,552
4,ND_41.bmp,BWnapkin.bmp,EDspeaker.bmp,NWdinosut.bmp,2,Tnapkin.wav,4_Tnapkin.wav,Untrained,2,4,1,3,552
5,ND_39.bmp,BWnapkin.bmp,EDorange.bmp,NWnapkig.bmp,2,Tnapkin.wav,5_Tnapkin.wav,UnconsolidatedDisplayed,2,4,1,3,552
7,ND_39.bmp,BWnapkin.bmp,EDorange.bmp,NWnapkig.bmp,2,Tnapkin.wav,7_Tnapkin.wav,UnconsolidatedDisplayed,2,4,1,3,552
1,NWnuggev.bmp,ND_37.bmp,BWnugget.bmp,EDhook.bmp,3,Tnugget.wav,1_Tnugget.wav,UnconsolidatedDisplayed,3,1,2,4,508
3,NWnuggev.bmp,EDhorseshoe.bmp,BWnugget.bmp,ND_13.bmp,3,Tnugget.wav,3_Tnugget.wav,ConsolidatedDisplayed,3,1,4,2,508
5,NWgraffino.bmp,EDhorse.bmp,BWnugget.bmp,ND_14.bmp,3,Tnugget.wav,5_Tnugget.wav,Untrained,3,1,4,2,508
6,NWguitas.bmp,ND_39.bmp,BWnugget.bmp,EDsun.bmp,3,Tnugget.wav,6_Tnugget.wav,Untrained,3,1,2,4,508
7,NWgraffino.bmp,EDhorse.bmp,BWnugget.bmp,ND_14.bmp,3,Tnugget.wav,7_Tnugget.wav,Untrained,3,1,4,2,508
8,NWguitas.bmp,ND_39.bmp,BWnugget.bmp,EDsun.bmp,3,Tnugget.wav,8_Tnugget.wav,Untrained,3,1,2,4,508
1,ND_40.bmp,BWoctopus.bmp,EDplane.bmp,NWdolphik.bmp,2,Toctopus.wav,1_Toctopus.wav,Untrained,2,4,1,3,460
2,NWgadgel.bmp,EDkettle.bmp,BWoctopus.bmp,ND_15.bmp,3,Toctopus.wav,2_Toctopus.wav,Untrained,3,1,4,2,460
4,NWoctopum.bmp,ND_38.bmp,BWoctopus.bmp,EDmop.bmp,3,Toctopus.wav,4_Toctopus.wav,UnconsolidatedDisplayed,3,1,2,4,460
6,NWoctopum.bmp,EDhammer.bmp,BWoctopus.bmp,ND_14.bmp,3,Toctopus.wav,6_Toctopus.wav,ConsolidatedDisplayed,3,1,4,2,460
8,NWoctopum.bmp,EDhammer.bmp,BWoctopus.bmp,ND_14.bmp,3,Toctopus.wav,8_Toctopus.wav,ConsolidatedDisplayed,3,1,4,2,460
2,NWoniot.bmp,ND_38.bmp,BWonion.bmp,EDmop.bmp,3,Tonion.wav,2_Tonion.wav,UnconsolidatedDisplayed,3,1,2,4,480
4,NWoniot.bmp,EDhammer.bmp,BWonion.bmp,ND_14.bmp,3,Tonion.wav,4_Tonion.wav,ConsolidatedDisplayed,3,1,4,2,480
5,ND_40.bmp,BWonion.bmp,EDplane.bmp,NWflamingist.bmp,2,Tonion.wav,5_Tonion.wav,Untrained,2,4,1,3,480
6,NWfountel.bmp,EDkettle.bmp,BWonion.bmp,ND_15.bmp,3,Tonion.wav,6_Tonion.wav,Untrained,3,1,4,2,480
7,ND_40.bmp,BWonion.bmp,EDplane.bmp,NWflamingist.bmp,2,Tonion.wav,7_Tonion.wav,Untrained,2,4,1,3,480
8,NWfountel.bmp,EDkettle.bmp,BWonion.bmp,ND_15.bmp,3,Tonion.wav,8_Tonion.wav,Untrained,3,1,4,2,480
2,EDdog.bmp,BWornament.bmp,ND_16.bmp,NWornameld.bmp,2,Tornament.wav,2_Tornament.wav,ConsolidatedDisplayed,2,4,3,1,399
3,BWornament.bmp,EDkettle.bmp,ND_42.bmp,NWcostuke.bmp,1,Tornament.wav,3_Tornament.wav,Untrained,1,4,3,2,399
4,EDcash.bmp,BWornament.bmp,ND_17.bmp,NWdungeoth.bmp,2,Tornament.wav,4_Tornament.wav,Untrained,2,4,3,1,399
6,ND_40.bmp,BWornament.bmp,EDqueen.bmp,NWornameld.bmp,2,Tornament.wav,6_Tornament.wav,UnconsolidatedDisplayed,2,4,1,3,399
8,ND_40.bmp,BWornament.bmp,EDqueen.bmp,NWornameld.bmp,2,Tornament.wav,8_Tornament.wav,UnconsolidatedDisplayed,2,4,1,3,399
1,EDmouse.bmp,BWparachute.bmp,ND_16.bmp,NWdaffodote.bmp,2,Tparachute.wav,1_Tparachute.wav,Untrained,2,4,3,1,434
2,ND_41.bmp,BWparachute.bmp,EDspeaker.bmp,NWdonkop.bmp,2,Tparachute.wav,2_Tparachute.wav,Untrained,2,4,1,3,434
3,ND_39.bmp,BWparachute.bmp,EDorange.bmp,NWparasheff.bmp,2,Tparachute.wav,3_Tparachute.wav,UnconsolidatedDisplayed,2,4,1,3,434
5,EDfox.bmp,BWparachute.bmp,ND_15.bmp,NWparasheff.bmp,2,Tparachute.wav,5_Tparachute.wav,ConsolidatedDisplayed,2,4,3,1,434
7,EDfox.bmp,BWparachute.bmp,ND_15.bmp,NWparasheff.bmp,2,Tparachute.wav,7_Tparachute.wav,ConsolidatedDisplayed,2,4,3,1,434
1,BWparade.bmp,ND_17.bmp,EDdinner.bmp,NWparafe.bmp,1,Tparade.wav,1_Tparade.wav,ConsolidatedDisplayed,1,4,2,3,593
3,BWparade.bmp,ND_18.bmp,EDspeaker.bmp,NWcrocodol.bmp,1,Tparade.wav,3_Tparade.wav,Untrained,1,4,2,3,593
4,BWparade.bmp,EDrainbow.bmp,ND_43.bmp,NWchocolor.bmp,1,Tparade.wav,4_Tparade.wav,Untrained,1,4,3,2,593
5,BWparade.bmp,EDisland.bmp,ND_41.bmp,NWparafe.bmp,1,Tparade.wav,5_Tparade.wav,UnconsolidatedDisplayed,1,4,3,2,593
7,BWparade.bmp,EDisland.bmp,ND_41.bmp,NWparafe.bmp,1,Tparade.wav,7_Tparade.wav,UnconsolidatedDisplayed,1,4,3,2,593
1,BWparsnip.bmp,EDkettle.bmp,ND_42.bmp,NWchimpantu.bmp,1,Tparsnip.wav,1_Tparsnip.wav,Untrained,1,4,3,2,407
2,EDcash.bmp,BWparsnip.bmp,ND_17.bmp,NWdinosut.bmp,2,Tparsnip.wav,2_Tparsnip.wav,Untrained,2,4,3,1,407
4,ND_40.bmp,BWparsnip.bmp,EDqueen.bmp,NWparsnin.bmp,2,Tparsnip.wav,4_Tparsnip.wav,UnconsolidatedDisplayed,2,4,1,3,407
6,EDdog.bmp,BWparsnip.bmp,ND_16.bmp,NWparsnin.bmp,2,Tparsnip.wav,6_Tparsnip.wav,ConsolidatedDisplayed,2,4,3,1,407
8,EDdog.bmp,BWparsnip.bmp,ND_16.bmp,NWparsnin.bmp,2,Tparsnip.wav,8_Tparsnip.wav,ConsolidatedDisplayed,2,4,3,1,407
1,ND_27.bmp,BWpelican.bmp,EDorange.bmp,NWpelical.bmp,2,Tpelican.wav,1_Tpelican.wav,UnconsolidatedDisplayed,2,4,1,3,534
3,EDfox.bmp,BWpelican.bmp,ND_15.bmp,NWpelical.bmp,2,Tpelican.wav,3_Tpelican.wav,ConsolidatedDisplayed,2,4,3,1,534
5,EDmouse.bmp,BWpelican.bmp,ND_16.bmp,NWdolphik.bmp,2,Tpelican.wav,5_Tpelican.wav,Untrained,2,4,3,1,534
6,ND_41.bmp,BWpelican.bmp,EDspeaker.bmp,NWdungeoth.bmp,2,Tpelican.wav,6_Tpelican.wav,Untrained,2,4,1,3,534
7,EDmouse.bmp,BWpelican.bmp,ND_16.bmp,NWdolphik.bmp,2,Tpelican.wav,7_Tpelican.wav,Untrained,2,4,3,1,534
8,ND_41.bmp,BWpelican.bmp,EDspeaker.bmp,NWdungeoth.bmp,2,Tpelican.wav,8_Tpelican.wav,Untrained,2,4,1,3,534
2,ND_40.bmp,BWpenguin.bmp,EDqueen.bmp,NWpengwove.bmp,2,Tpenguin.wav,2_Tpenguin.wav,UnconsolidatedDisplayed,2,4,1,3,500
4,EDdog.bmp,BWpenguin.bmp,ND_16.bmp,NWpengwove.bmp,2,Tpenguin.wav,4_Tpenguin.wav,ConsolidatedDisplayed,2,4,3,1,500
5,BWpenguin.bmp,EDkettle.bmp,ND_42.bmp,NWcrocodol.bmp,1,Tpenguin.wav,5_Tpenguin.wav,Untrained,1,4,3,2,500
6,EDcash.bmp,BWpenguin.bmp,ND_17.bmp,NWdonkop.bmp,2,Tpenguin.wav,6_Tpenguin.wav,Untrained,2,4,3,1,500
7,BWpenguin.bmp,EDkettle.bmp,ND_42.bmp,NWcrocodol.bmp,1,Tpenguin.wav,7_Tpenguin.wav,Untrained,1,4,3,2,500
8,EDcash.bmp,BWpenguin.bmp,ND_17.bmp,NWdonkop.bmp,2,Tpenguin.wav,8_Tpenguin.wav,Untrained,2,4,3,1,500
1,BWpicnic.bmp,ND_18.bmp,EDspeaker.bmp,NWcostuke.bmp,1,Tpicnic.wav,1_Tpicnic.wav,Untrained,1,4,2,3,418
2,BWpicnic.bmp,EDrainbow.bmp,ND_43.bmp,NWcaramen.bmp,1,Tpicnic.wav,2_Tpicnic.wav,Untrained,1,4,3,2,418
3,BWpicnic.bmp,EDisland.bmp,ND_41.bmp,NWpicnin.bmp,1,Tpicnic.wav,3_Tpicnic.wav,UnconsolidatedDisplayed,1,4,3,2,418
5,BWpicnic.bmp,ND_17.bmp,EDdinner.bmp,NWpicnin.bmp,1,Tpicnic.wav,5_Tpicnic.wav,ConsolidatedDisplayed,1,4,2,3,418
7,BWpicnic.bmp,ND_17.bmp,EDdinner.bmp,NWpicnin.bmp,1,Tpicnic.wav,7_Tpicnic.wav,ConsolidatedDisplayed,1,4,2,3,418
2,BWpotato.bmp,ND_18.bmp,EDchicken.bmp,NWpotatuck.bmp,1,Tpotato.wav,2_Tpotato.wav,ConsolidatedDisplayed,1,4,2,3,505
3,EDtable.bmp,ND_44.bmp,NWcaravat.bmp,BWpotato.bmp,4,Tpotato.wav,3_Tpotato.wav,Untrained,4,3,2,1,505
4,BWpotato.bmp,ND_19.bmp,EDgutter.bmp,NWclarinone.bmp,1,Tpotato.wav,4_Tpotato.wav,Untrained,1,4,2,3,505
6,BWpotato.bmp,EDbell.bmp,ND_42.bmp,NWpotatuck.bmp,1,Tpotato.wav,6_Tpotato.wav,UnconsolidatedDisplayed,1,4,3,2,505
8,BWpotato.bmp,EDbell.bmp,ND_42.bmp,NWpotatuck.bmp,1,Tpotato.wav,8_Tpotato.wav,UnconsolidatedDisplayed,1,4,3,2,505
1,ND_19.bmp,EDcart.bmp,NWpumpkige.bmp,BWpumpkin.bmp,4,Tpumpkin.wav,1_Tpumpkin.wav,ConsolidatedDisplayed,4,3,1,2,580
3,ND_22.bmp,EDrainbow.bmp,NWcardigite.bmp,BWpumpkin.bmp,4,Tpumpkin.wav,3_Tpumpkin.wav,Untrained,4,3,1,2,580
4,EDtap.bmp,ND_45.bmp,NWbroccaroo.bmp,BWpumpkin.bmp,4,Tpumpkin.wav,4_Tpumpkin.wav,Untrained,4,3,2,1,580
5,EDrabbit.bmp,ND_43.bmp,NWpumpkige.bmp,BWpumpkin.bmp,4,Tpumpkin.wav,5_Tpumpkin.wav,UnconsolidatedDisplayed,4,3,2,1,580
7,EDrabbit.bmp,ND_43.bmp,NWpumpkige.bmp,BWpumpkin.bmp,4,Tpumpkin.wav,7_Tpumpkin.wav,UnconsolidatedDisplayed,4,3,2,1,580
1,BWpyramid.bmp,EDisland.bmp,ND_41.bmp,NWpyramon.bmp,1,Tpyramid.wav,1_Tpyramid.wav,UnconsolidatedDisplayed,1,4,3,2,552
3,BWpyramid.bmp,ND_17.bmp,EDdinner.bmp,NWpyramon.bmp,1,Tpyramid.wav,3_Tpyramid.wav,ConsolidatedDisplayed,1,4,2,3,552
5,BWpyramid.bmp,ND_18.bmp,EDtap.bmp,NWchimpantu.bmp,1,Tpyramid.wav,5_Tpyramid.wav,Untrained,1,4,2,3,552
6,BWpyramid.bmp,EDrainbow.bmp,ND_43.bmp,NWclarinone.bmp,1,Tpyramid.wav,6_Tpyramid.wav,Untrained,1,4,3,2,552
7,BWpyramid.bmp,ND_18.bmp,EDtap.bmp,NWchimpantu.bmp,1,Tpyramid.wav,7_Tpyramid.wav,Untrained,1,4,2,3,552
8,BWpyramid.bmp,EDrainbow.bmp,ND_43.bmp,NWclarinone.bmp,1,Tpyramid.wav,8_Tpyramid.wav,Untrained,1,4,3,2,552
1,EDtable.bmp,ND_44.bmp,NWcactul.bmp,BWreptile.bmp,4,Treptile.wav,1_Treptile.wav,Untrained,4,3,2,1,396
2,BWreptile.bmp,ND_19.bmp,EDpeach.bmp,NWchocolor.bmp,1,Treptile.wav,2_Treptile.wav,Untrained,1,4,2,3,396
4,BWreptile.bmp,EDbell.bmp,ND_42.bmp,NWreptite.bmp,1,Treptile.wav,4_Treptile.wav,UnconsolidatedDisplayed,1,4,3,2,396
6,BWreptile.bmp,ND_18.bmp,EDchicken.bmp,NWreptite.bmp,1,Treptile.wav,6_Treptile.wav,ConsolidatedDisplayed,1,4,2,3,396
8,BWreptile.bmp,ND_18.bmp,EDchicken.bmp,NWreptite.bmp,1,Treptile.wav,8_Treptile.wav,ConsolidatedDisplayed,1,4,2,3,396
2,ND_20.bmp,EDcar.bmp,NWrugbock.bmp,BWrugby.bmp,4,Trugby.wav,2_Trugby.wav,ConsolidatedDisplayed,4,3,1,2,429
3,ND_46.bmp,NWbrambo.bmp,BWrugby.bmp,EDwood.bmp,3,Trugby.wav,3_Trugby.wav,Untrained,3,2,1,4,429
4,ND_21.bmp,EDtable.bmp,NWbuffaluk.bmp,BWrugby.bmp,4,Trugby.wav,4_Trugby.wav,Untrained,4,3,1,2,429
6,EDpig.bmp,ND_44.bmp,NWrugbock.bmp,BWrugby.bmp,4,Trugby.wav,6_Trugby.wav,UnconsolidatedDisplayed,4,3,2,1,429
8,EDpig.bmp,ND_44.bmp,NWrugbock.bmp,BWrugby.bmp,4,Trugby.wav,8_Trugby.wav,UnconsolidatedDisplayed,4,3,2,1,429
2,BWsergeant.bmp,EDbell.bmp,ND_42.bmp,NWsergeast.bmp,1,Tsergeant.wav,2_Tsergeant.wav,UnconsolidatedDisplayed,1,4,3,2,494
4,BWsergeant.bmp,ND_18.bmp,EDchicken.bmp,NWsergeast.bmp,1,Tsergeant.wav,4_Tsergeant.wav,ConsolidatedDisplayed,1,4,2,3,494
5,EDtable.bmp,ND_44.bmp,NWcardigite.bmp,BWsergeant.bmp,4,Tsergeant.wav,5_Tsergeant.wav,Untrained,4,3,2,1,494
6,BWsergeant.bmp,ND_19.bmp,EDpeach.bmp,NWcaramen.bmp,1,Tsergeant.wav,6_Tsergeant.wav,Untrained,1,4,2,3,494
7,EDtable.bmp,ND_44.bmp,NWcardigite.bmp,BWsergeant.bmp,4,Tsergeant.wav,7_Tsergeant.wav,Untrained,4,3,2,1,494
8,BWsergeant.bmp,ND_19.bmp,EDpeach.bmp,NWcaramen.bmp,1,Tsergeant.wav,8_Tsergeant.wav,Untrained,1,4,2,3,494
1,EDrabbit.bmp,ND_43.bmp,NWsignatik.bmp,BWsignature.bmp,4,Tsignature.wav,1_Tsignature.wav,UnconsolidatedDisplayed,4,3,2,1,431
3,ND_19.bmp,EDcart.bmp,NWsignatik.bmp,BWsignature.bmp,4,Tsignature.wav,3_Tsignature.wav,ConsolidatedDisplayed,4,3,1,2,431
5,ND_20.bmp,EDrainbow.bmp,NWcactul.bmp,BWsignature.bmp,4,Tsignature.wav,5_Tsignature.wav,Untrained,4,3,1,2,431
6,EDtap.bmp,ND_45.bmp,NWbuffaluk.bmp,BWsignature.bmp,4,Tsignature.wav,6_Tsignature.wav,Untrained,4,3,2,1,431
7,ND_20.bmp,EDrainbow.bmp,NWcactul.bmp,BWsignature.bmp,4,Tsignature.wav,7_Tsignature.wav,Untrained,4,3,1,2,431
8,EDtap.bmp,ND_45.bmp,NWbuffaluk.bmp,BWsignature.bmp,4,Tsignature.wav,8_Tsignature.wav,Untrained,4,3,2,1,431
1,ND_20.bmp,EDrainbow.bmp,NWcaravat.bmp,BWsiren.bmp,4,Tsiren.wav,1_Tsiren.wav,Untrained,4,3,1,2,432
2,EDmountain.bmp,ND_45.bmp,NWbracelop.bmp,BWsiren.bmp,4,Tsiren.wav,2_Tsiren.wav,Untrained,4,3,2,1,432
3,EDrabbit.bmp,ND_43.bmp,NWsiredge.bmp,BWsiren.bmp,4,Tsiren.wav,3_Tsiren.wav,UnconsolidatedDisplayed,4,3,2,1,432
5,ND_19.bmp,EDcart.bmp,NWsiredge.bmp,BWsiren.bmp,4,Tsiren.wav,5_Tsiren.wav,ConsolidatedDisplayed,4,3,1,2,432
7,ND_19.bmp,EDcart.bmp,NWsiredge.bmp,BWsiren.bmp,4,Tsiren.wav,7_Tsiren.wav,ConsolidatedDisplayed,4,3,1,2,432
1,EDballoon.bmp,NWskeledu.bmp,BWskeleton.bmp,ND_21.bmp,3,Tskeleton.wav,1_Tskeleton.wav,ConsolidatedDisplayed,3,2,4,1,410
3,EDsun.bmp,NWbreakfal.bmp,BWskeleton.bmp,ND_20.bmp,3,Tskeleton.wav,3_Tskeleton.wav,Untrained,3,2,4,1,410
4,ND_47.bmp,NWbiscal.bmp,BWskeleton.bmp,EDmouse.bmp,3,Tskeleton.wav,4_Tskeleton.wav,Untrained,3,2,1,4,410
5,ND_45.bmp,NWskeledu.bmp,BWskeleton.bmp,EDpark.bmp,3,Tskeleton.wav,5_Tskeleton.wav,UnconsolidatedDisplayed,3,2,1,4,410
7,ND_45.bmp,NWskeledu.bmp,BWskeleton.bmp,EDpark.bmp,3,Tskeleton.wav,7_Tskeleton.wav,UnconsolidatedDisplayed,3,2,1,4,410
2,EDpig.bmp,ND_44.bmp,NWsomersaumf.bmp,BWsomersault.bmp,4,Tsomersault.wav,2_Tsomersault.wav,UnconsolidatedDisplayed,4,3,2,1,482
4,ND_20.bmp,EDcar.bmp,NWsomersaumf.bmp,BWsomersault.bmp,4,Tsomersault.wav,4_Tsomersault.wav,ConsolidatedDisplayed,4,3,1,2,482
5,ND_46.bmp,NWbreakfal.bmp,BWsomersault.bmp,EDwood.bmp,3,Tsomersault.wav,5_Tsomersault.wav,Untrained,3,2,1,4,482
6,ND_21.bmp,EDtable.bmp,NWbracelop.bmp,BWsomersault.bmp,4,Tsomersault.wav,6_Tsomersault.wav,Untrained,4,3,1,2,482
7,ND_46.bmp,NWbreakfal.bmp,BWsomersault.bmp,EDwood.bmp,3,Tsomersault.wav,7_Tsomersault.wav,Untrained,3,2,1,4,482
8,ND_21.bmp,EDtable.bmp,NWbracelop.bmp,BWsomersault.bmp,4,Tsomersault.wav,8_Tsomersault.wav,Untrained,4,3,1,2,482
1,ND_46.bmp,NWbikinar.bmp,BWspider.bmp,EDwood.bmp,3,Tspider.wav,1_Tspider.wav,Untrained,3,2,1,4,503
2,ND_21.bmp,EDtable.bmp,NWbroccaroo.bmp,BWspider.bmp,4,Tspider.wav,2_Tspider.wav,Untrained,4,3,1,2,503
4,EDpig.bmp,ND_44.bmp,NWspidet.bmp,BWspider.bmp,4,Tspider.wav,4_Tspider.wav,UnconsolidatedDisplayed,4,3,2,1,503
6,ND_20.bmp,EDcar.bmp,NWspidet.bmp,BWspider.bmp,4,Tspider.wav,6_Tspider.wav,ConsolidatedDisplayed,4,3,1,2,503
8,ND_20.bmp,EDcar.bmp,NWspidet.bmp,BWspider.bmp,4,Tspider.wav,8_Tspider.wav,ConsolidatedDisplayed,4,3,1,2,503
2,EDbag.bmp,NWsquirrome.bmp,BWsquirrel.bmp,ND_22.bmp,3,Tsquirrel.wav,2_Tsquirrel.wav,ConsolidatedDisplayed,3,2,4,1,490
3,NWbadminteef.bmp,BWsquirrel.bmp,EDcotton.bmp,ND_48.bmp,2,Tsquirrel.wav,3_Tsquirrel.wav,Untrained,2,1,4,3,490
4,EDwood.bmp,NWblossail.bmp,BWsquirrel.bmp,ND_23.bmp,3,Tsquirrel.wav,4_Tsquirrel.wav,Untrained,3,2,4,1,490
6,ND_46.bmp,NWsquirrome.bmp,BWsquirrel.bmp,EDmop.bmp,3,Tsquirrel.wav,6_Tsquirrel.wav,UnconsolidatedDisplayed,3,2,1,4,490
8,ND_46.bmp,NWsquirrome.bmp,BWsquirrel.bmp,EDmop.bmp,3,Tsquirrel.wav,8_Tsquirrel.wav,UnconsolidatedDisplayed,3,2,1,4,490
1,ND_45.bmp,NWtargil.bmp,BWtarget.bmp,EDpark.bmp,3,Ttarget.wav,1_Ttarget.wav,UnconsolidatedDisplayed,3,2,1,4,538
3,EDballoon.bmp,NWtargil.bmp,BWtarget.bmp,ND_21.bmp,3,Ttarget.wav,3_Ttarget.wav,ConsolidatedDisplayed,3,2,4,1,538
5,EDsun.bmp,NWbikinar.bmp,BWtarget.bmp,ND_22.bmp,3,Ttarget.wav,5_Ttarget.wav,Untrained,3,2,4,1,538
6,ND_47.bmp,NWblossail.bmp,BWtarget.bmp,EDmouse.bmp,3,Ttarget.wav,6_Ttarget.wav,Untrained,3,2,1,4,538
7,EDsun.bmp,NWbikinar.bmp,BWtarget.bmp,ND_22.bmp,3,Ttarget.wav,7_Ttarget.wav,Untrained,3,2,4,1,538
8,ND_47.bmp,NWblossail.bmp,BWtarget.bmp,EDmouse.bmp,3,Ttarget.wav,8_Ttarget.wav,Untrained,3,2,1,4,538
2,ND_46.bmp,NWtattefe.bmp,BWtattoo.bmp,EDshaker.bmp,3,Ttattoo.wav,2_Ttattoo.wav,UnconsolidatedDisplayed,3,2,1,4,606
4,EDbag.bmp,NWtattefe.bmp,BWtattoo.bmp,ND_22.bmp,3,Ttattoo.wav,4_Ttattoo.wav,ConsolidatedDisplayed,3,2,4,1,606
5,NWbalcozo.bmp,BWtattoo.bmp,EDcotton.bmp,ND_48.bmp,2,Ttattoo.wav,5_Ttattoo.wav,Untrained,2,1,4,3,606
6,EDwood.bmp,NWbaboop.bmp,BWtattoo.bmp,ND_23.bmp,3,Ttattoo.wav,6_Ttattoo.wav,Untrained,3,2,4,1,606
7,NWbalcozo.bmp,BWtattoo.bmp,EDcotton.bmp,ND_48.bmp,2,Ttattoo.wav,7_Ttattoo.wav,Untrained,2,1,4,3,606
8,EDwood.bmp,NWbaboop.bmp,BWtattoo.bmp,ND_23.bmp,3,Ttattoo.wav,8_Ttattoo.wav,Untrained,3,2,4,1,606
1,NWtissove.bmp,BWtissue.bmp,ND_23.bmp,EDapple.bmp,2,Ttissue.wav,1_Ttissue.wav,ConsolidatedDisplayed,2,1,3,4,507
3,NWbalcozo.bmp,BWtissue.bmp,ND_24.bmp,EDfootball.bmp,2,Ttissue.wav,3_Ttissue.wav,Untrained,2,1,3,4,507
4,NWangesh.bmp,BWtissue.bmp,EDmountain.bmp,ND_1.bmp,2,Ttissue.wav,4_Ttissue.wav,Untrained,2,1,4,3,507
5,NWtissove.bmp,BWtissue.bmp,EDbed.bmp,ND_47.bmp,2,Ttissue.wav,5_Ttissue.wav,UnconsolidatedDisplayed,2,1,4,3,507
7,NWtissove.bmp,BWtissue.bmp,EDbed.bmp,ND_47.bmp,2,Ttissue.wav,7_Ttissue.wav,UnconsolidatedDisplayed,2,1,4,3,507
1,EDsun.bmp,NWbrambo.bmp,BWtornado.bmp,ND_14.bmp,3,Ttornado.wav,1_Ttornado.wav,Untrained,3,2,4,1,457
2,ND_47.bmp,NWbaboop.bmp,BWtornado.bmp,EDmouse.bmp,3,Ttornado.wav,2_Ttornado.wav,Untrained,3,2,1,4,457
3,ND_45.bmp,NWtornadus.bmp,BWtornado.bmp,EDpark.bmp,3,Ttornado.wav,3_Ttornado.wav,UnconsolidatedDisplayed,3,2,1,4,457
5,EDballoon.bmp,NWtornadus.bmp,BWtornado.bmp,ND_21.bmp,3,Ttornado.wav,5_Ttornado.wav,ConsolidatedDisplayed,3,2,4,1,457
7,EDballoon.bmp,NWtornadus.bmp,BWtornado.bmp,ND_21.bmp,3,Ttornado.wav,7_Ttornado.wav,ConsolidatedDisplayed,3,2,4,1,457
1,NWtrombal.bmp,BWtrombone.bmp,EDbed.bmp,ND_47.bmp,2,Ttrombone.wav,1_Ttrombone.wav,UnconsolidatedDisplayed,2,1,4,3,487
3,NWtrombal.bmp,BWtrombone.bmp,ND_23.bmp,EDapple.bmp,2,Ttrombone.wav,3_Ttrombone.wav,ConsolidatedDisplayed,2,1,3,4,487
5,NWaliet.bmp,BWtrombone.bmp,ND_24.bmp,Edspeaker.bmp,2,Ttrombone.wav,5_Ttrombone.wav,Untrained,2,1,3,4,487
6,NWathlove.bmp,BWtrombone.bmp,EDmountain.bmp,ND_1.bmp,2,Ttrombone.wav,6_Ttrombone.wav,Untrained,2,1,4,3,487
7,NWaliet.bmp,BWtrombone.bmp,ND_24.bmp,Edspeaker.bmp,2,Ttrombone.wav,7_Ttrombone.wav,Untrained,2,1,3,4,487
8,NWathlove.bmp,BWtrombone.bmp,EDmountain.bmp,ND_1.bmp,2,Ttrombone.wav,8_Ttrombone.wav,Untrained,2,1,4,3,487
1,NWaliet.bmp,BWtulip.bmp,EDcotton.bmp,ND_48.bmp,2,Ttulip.wav,1_Ttulip.wav,Untrained,2,1,4,3,443
2,EDwood.bmp,NWbiscal.bmp,BWtulip.bmp,ND_23.bmp,3,Ttulip.wav,2_Ttulip.wav,Untrained,3,2,4,1,443
4,ND_46.bmp,NWtulode.bmp,BWtulip.bmp,EDshaker.bmp,3,Ttulip.wav,4_Ttulip.wav,UnconsolidatedDisplayed,3,2,1,4,443
6,EDbag.bmp,NWtulode.bmp,BWtulip.bmp,ND_22.bmp,3,Ttulip.wav,6_Ttulip.wav,ConsolidatedDisplayed,3,2,4,1,443
8,EDbag.bmp,NWtulode.bmp,BWtulip.bmp,ND_22.bmp,3,Ttulip.wav,8_Ttulip.wav,ConsolidatedDisplayed,3,2,4,1,443
1,NWbadminteef.bmp,BWvolcano.bmp,ND_24.bmp,EDtap.bmp,2,Tvolcano.wav,1_Tvolcano.wav,Untrained,2,1,3,4,374
2,NWapricam.bmp,BWvolcano.bmp,EDtap.bmp,ND_1.bmp,2,Tvolcano.wav,2_Tvolcano.wav,Untrained,2,1,4,3,374
3,NWvolcagi.bmp,BWvolcano.bmp,EDbed.bmp,ND_47.bmp,2,Tvolcano.wav,3_Tvolcano.wav,UnconsolidatedDisplayed,2,1,4,3,374
5,NWvolcagi.bmp,BWvolcano.bmp,ND_23.bmp,EDapple.bmp,2,Tvolcano.wav,5_Tvolcano.wav,ConsolidatedDisplayed,2,1,3,4,374
7,NWvolcagi.bmp,BWvolcano.bmp,ND_23.bmp,EDapple.bmp,2,Tvolcano.wav,7_Tvolcano.wav,ConsolidatedDisplayed,2,1,3,4,374
2,NWwalnog.bmp,BWwalnut.bmp,ND_24.bmp,EDbaby.bmp,2,Twalnut.wav,2_Twalnut.wav,ConsolidatedDisplayed,2,1,3,4,400
3,BWwalnut.bmp,NWwalrick.bmp,EDjacket.bmp,ND_26.bmp,1,Twalnut.wav,3_Twalnut.wav,Untrained,1,2,4,3,400
4,NWathlove.bmp,BWwalnut.bmp,ND_25.bmp,EDtractor.bmp,2,Twalnut.wav,4_Twalnut.wav,Untrained,2,1,3,4,400
6,NWwalnog.bmp,BWwalnut.bmp,EDbear.bmp,ND_48.bmp,2,Twalnut.wav,6_Twalnut.wav,UnconsolidatedDisplayed,2,1,4,3,400
8,NWwalnog.bmp,BWwalnut.bmp,EDbear.bmp,ND_48.bmp,2,Twalnut.wav,8_Twalnut.wav,UnconsolidatedDisplayed,2,1,4,3,400
2,NWwalrick.bmp,BWwalrus.bmp,EDbear.bmp,ND_48.bmp,2,Twalrus.wav,2_Twalrus.wav,UnconsolidatedDisplayed,2,1,4,3,574
4,NWwalrick.bmp,BWwalrus.bmp,ND_24.bmp,EDbaby.bmp,2,Twalrus.wav,4_Twalrus.wav,ConsolidatedDisplayed,2,1,3,4,574
5,BWwalrus.bmp,NWyogem.bmp,EDjacket.bmp,ND_26.bmp,1,Twalrus.wav,5_Twalrus.wav,Untrained,1,2,4,3,574
6,NWapricam.bmp,BWwalrus.bmp,ND_25.bmp,EDtractor.bmp,2,Twalrus.wav,6_Twalrus.wav,Untrained,2,1,3,4,574
7,BWwalrus.bmp,NWyogem.bmp,EDjacket.bmp,ND_26.bmp,1,Twalrus.wav,7_Twalrus.wav,Untrained,1,2,4,3,574
8,NWapricam.bmp,BWwalrus.bmp,ND_25.bmp,EDtractor.bmp,2,Twalrus.wav,8_Twalrus.wav,Untrained,2,1,3,4,574
1,BWyoghurt.bmp,NWwalnog.bmp,EDjacket.bmp,ND_26.bmp,1,Tyoghurt.wav,1_Tyoghurt.wav,Untrained,1,2,4,3,443
2,NWangesh.bmp,BWyoghurt.bmp,ND_25.bmp,EDtractor.bmp,2,Tyoghurt.wav,2_Tyoghurt.wav,Untrained,2,1,3,4,432
4,NWyogem.bmp,BWyoghurt.bmp,EDbear.bmp,ND_48.bmp,2,Tyoghurt.wav,4_Tyoghurt.wav,UnconsolidatedDisplayed,2,1,4,3,432
6,NWyogem.bmp,BWyoghurt.bmp,ND_24.bmp,EDbaby.bmp,2,Tyoghurt.wav,6_Tyoghurt.wav,ConsolidatedDisplayed,2,1,3,4,432
8,NWyogem.bmp,BWyoghurt.bmp,ND_24.bmp,EDbaby.bmp,2,Tyoghurt.wav,8_Tyoghurt.wav,ConsolidatedDisplayed,2,1,3,4,432
3,ND_109.bmp,EDpet.bmp,winner.bmp,window.bmp,4,window.wav,3_window.wav,DisplayedCohort,4,3,1,2,408
4,ND_109.bmp,EDpet.bmp,candle.bmp,window.bmp,4,window.wav,4_window.wav,AbsentCohort,4,3,1,2,408
7,ND_109.bmp,EDpet.bmp,winner.bmp,window.bmp,4,window.wav,7_window.wav,DisplayedCohort,4,3,1,2,408
8,ND_109.bmp,EDpet.bmp,candle.bmp,window.bmp,4,window.wav,8_window.wav,AbsentCohort,4,3,1,2,408
1,ND_109.bmp,EDpet.bmp,window.bmp,winner.bmp,4,winner.wav,1_winner.wav,DisplayedCohort,4,3,1,2,359
2,ND_109.bmp,EDpet.bmp,candy.bmp,winner.bmp,4,winner.wav,2_winner.wav,AbsentCohort,4,3,1,2,359
5,ND_109.bmp,EDpet.bmp,window.bmp,winner.bmp,4,winner.wav,5_winner.wav,DisplayedCohort,4,3,1,2,359
6,ND_109.bmp,EDpet.bmp,candy.bmp,winner.bmp,4,winner.wav,6_winner.wav,AbsentCohort,4,3,1,2,359
